result_id,student_id,course_id,session_id,score,grade,grade_point,credit_units
1,1,1,1,66,B,4.0,3
2,1,2,1,68,B,4.0,3
3,1,3,1,64,B,4.0,3
4,1,1,2,46,D,2.0,3
5,1,2,2,55,C,3.0,3
6,1,3,2,80,A,5.0,3
7,1,1,3,58,C,3.0,3
8,1,2,3,68,B,4.0,3
9,1,3,3,79,A,5.0,3
10,1,1,4,65,B,4.0,3
11,1,2,4,80,A,5.0,3
12,1,3,4,66,B,4.0,3
13,2,7,1,65,B,4.0,3
14,2,7,2,52,C,3.0,3
15,2,7,3,72,A,5.0,3
16,2,7,4,60,B,4.0,3
17,3,7,1,75,A,5.0,3
18,3,7,2,93,A,5.0,3
19,3,7,3,85,A,5.0,3
20,3,7,4,72,A,5.0,3
21,4,6,1,76,A,5.0,3
22,4,6,2,37,F,0.0,3
23,4,6,3,48,D,2.0,3
24,4,6,4,49,D,2.0,3
25,5,6,1,92,A,5.0,3
26,5,6,2,47,D,2.0,3
27,5,6,3,63,B,4.0,3
28,5,6,4,90,A,5.0,3
29,6,6,1,50,C,3.0,3
30,6,6,2,60,B,4.0,3
31,6,6,3,48,D,2.0,3
32,6,6,4,54,C,3.0,3
33,7,6,1,62,B,4.0,3
34,7,6,2,91,A,5.0,3
35,7,6,3,59,C,3.0,3
36,7,6,4,71,A,5.0,3
37,8,6,1,45,D,2.0,3
38,8,6,2,94,A,5.0,3
39,8,6,3,88,A,5.0,3
40,8,6,4,58,C,3.0,3
41,9,4,1,51,C,3.0,3
42,9,5,1,70,A,5.0,3
43,9,4,2,40,E,1.0,3
44,9,5,2,43,E,1.0,3
45,9,4,3,83,A,5.0,3
46,9,5,3,40,E,1.0,3
47,9,4,4,53,C,3.0,3
48,9,5,4,63,B,4.0,3
49,10,4,1,68,B,4.0,3
50,10,5,1,57,C,3.0,3
51,10,4,2,49,D,2.0,3
52,10,5,2,72,A,5.0,3
53,10,4,3,37,F,0.0,3
54,10,5,3,64,B,4.0,3
55,10,4,4,67,B,4.0,3
56,10,5,4,74,A,5.0,3
57,11,4,1,56,C,3.0,3
58,11,5,1,62,B,4.0,3
59,11,4,2,63,B,4.0,3
60,11,5,2,64,B,4.0,3
61,11,4,3,62,B,4.0,3
62,11,5,3,61,B,4.0,3
63,11,4,4,58,C,3.0,3
64,11,5,4,86,A,5.0,3
65,12,6,1,66,B,4.0,3
66,12,6,2,55,C,3.0,3
67,12,6,3,52,C,3.0,3
68,12,6,4,59,C,3.0,3
69,13,1,1,36,F,0.0,3
70,13,2,1,46,D,2.0,3
71,13,3,1,63,B,4.0,3
72,13,1,2,49,D,2.0,3
73,13,2,2,51,C,3.0,3
74,13,3,2,76,A,5.0,3
75,13,1,3,39,F,0.0,3
76,13,2,3,57,C,3.0,3
77,13,3,3,92,A,5.0,3
78,13,1,4,40,E,1.0,3
79,13,2,4,53,C,3.0,3
80,13,3,4,88,A,5.0,3
81,14,7,1,67,B,4.0,3
82,14,7,2,67,B,4.0,3
83,14,7,3,69,B,4.0,3
84,14,7,4,76,A,5.0,3
85,15,6,1,40,E,1.0,3
86,15,6,2,85,A,5.0,3
87,15,6,3,52,C,3.0,3
88,15,6,4,94,A,5.0,3
89,16,6,1,49,D,2.0,3
90,16,6,2,41,E,1.0,3
91,16,6,3,42,E,1.0,3
92,16,6,4,39,F,0.0,3
93,17,6,1,58,C,3.0,3
94,17,6,2,37,F,0.0,3
95,17,6,3,69,B,4.0,3
96,17,6,4,47,D,2.0,3
97,18,6,1,56,C,3.0,3
98,18,6,2,47,D,2.0,3
99,18,6,3,78,A,5.0,3
100,18,6,4,56,C,3.0,3
101,19,4,1,51,C,3.0,3
102,19,5,1,54,C,3.0,3
103,19,4,2,82,A,5.0,3
104,19,5,2,87,A,5.0,3
105,19,4,3,84,A,5.0,3
106,19,5,3,78,A,5.0,3
107,19,4,4,89,A,5.0,3
108,19,5,4,52,C,3.0,3
109,20,4,1,47,D,2.0,3
110,20,5,1,80,A,5.0,3
111,20,4,2,73,A,5.0,3
112,20,5,2,43,E,1.0,3
113,20,4,3,89,A,5.0,3
114,20,5,3,83,A,5.0,3
115,20,4,4,80,A,5.0,3
116,20,5,4,82,A,5.0,3
117,21,4,1,69,B,4.0,3
118,21,5,1,93,A,5.0,3
119,21,4,2,51,C,3.0,3
120,21,5,2,35,F,0.0,3
121,21,4,3,84,A,5.0,3
122,21,5,3,54,C,3.0,3
123,21,4,4,53,C,3.0,3
124,21,5,4,87,A,5.0,3
125,22,1,1,57,C,3.0,3
126,22,2,1,85,A,5.0,3
127,22,3,1,60,B,4.0,3
128,22,1,2,95,A,5.0,3
129,22,2,2,60,B,4.0,3
130,22,3,2,87,A,5.0,3
131,22,1,3,72,A,5.0,3
132,22,2,3,83,A,5.0,3
133,22,3,3,76,A,5.0,3
134,22,1,4,35,F,0.0,3
135,22,2,4,65,B,4.0,3
136,22,3,4,76,A,5.0,3
137,23,4,1,67,B,4.0,3
138,23,5,1,83,A,5.0,3
139,23,4,2,95,A,5.0,3
140,23,5,2,44,E,1.0,3
141,23,4,3,90,A,5.0,3
142,23,5,3,60,B,4.0,3
143,23,4,4,49,D,2.0,3
144,23,5,4,49,D,2.0,3
145,24,7,1,81,A,5.0,3
146,24,7,2,82,A,5.0,3
147,24,7,3,48,D,2.0,3
148,24,7,4,65,B,4.0,3
149,25,7,1,49,D,2.0,3
150,25,7,2,68,B,4.0,3
151,25,7,3,72,A,5.0,3
152,25,7,4,85,A,5.0,3
153,26,4,1,70,A,5.0,3
154,26,5,1,83,A,5.0,3
155,26,4,2,64,B,4.0,3
156,26,5,2,81,A,5.0,3
157,26,4,3,87,A,5.0,3
158,26,5,3,64,B,4.0,3
159,26,4,4,56,C,3.0,3
160,26,5,4,85,A,5.0,3
161,27,4,1,40,E,1.0,3
162,27,5,1,55,C,3.0,3
163,27,4,2,89,A,5.0,3
164,27,5,2,47,D,2.0,3
165,27,4,3,62,B,4.0,3
166,27,5,3,84,A,5.0,3
167,27,4,4,95,A,5.0,3
168,27,5,4,79,A,5.0,3
169,28,4,1,61,B,4.0,3
170,28,5,1,48,D,2.0,3
171,28,4,2,63,B,4.0,3
172,28,5,2,63,B,4.0,3
173,28,4,3,89,A,5.0,3
174,28,5,3,70,A,5.0,3
175,28,4,4,36,F,0.0,3
176,28,5,4,58,C,3.0,3
177,29,4,1,43,E,1.0,3
178,29,5,1,71,A,5.0,3
179,29,4,2,90,A,5.0,3
180,29,5,2,43,E,1.0,3
181,29,4,3,54,C,3.0,3
182,29,5,3,95,A,5.0,3
183,29,4,4,82,A,5.0,3
184,29,5,4,35,F,0.0,3
185,30,4,1,66,B,4.0,3
186,30,5,1,86,A,5.0,3
187,30,4,2,77,A,5.0,3
188,30,5,2,88,A,5.0,3
189,30,4,3,57,C,3.0,3
190,30,5,3,56,C,3.0,3
191,30,4,4,49,D,2.0,3
192,30,5,4,61,B,4.0,3
193,31,1,1,62,B,4.0,3
194,31,2,1,78,A,5.0,3
195,31,3,1,83,A,5.0,3
196,31,1,2,60,B,4.0,3
197,31,2,2,83,A,5.0,3
198,31,3,2,84,A,5.0,3
199,31,1,3,79,A,5.0,3
200,31,2,3,69,B,4.0,3
201,31,3,3,54,C,3.0,3
202,31,1,4,55,C,3.0,3
203,31,2,4,72,A,5.0,3
204,31,3,4,36,F,0.0,3
205,32,4,1,71,A,5.0,3
206,32,5,1,85,A,5.0,3
207,32,4,2,37,F,0.0,3
208,32,5,2,94,A,5.0,3
209,32,4,3,43,E,1.0,3
210,32,5,3,44,E,1.0,3
211,32,4,4,95,A,5.0,3
212,32,5,4,56,C,3.0,3
213,33,1,1,71,A,5.0,3
214,33,2,1,75,A,5.0,3
215,33,3,1,86,A,5.0,3
216,33,1,2,73,A,5.0,3
217,33,2,2,93,A,5.0,3
218,33,3,2,73,A,5.0,3
219,33,1,3,71,A,5.0,3
220,33,2,3,90,A,5.0,3
221,33,3,3,60,B,4.0,3
222,33,1,4,59,C,3.0,3
223,33,2,4,48,D,2.0,3
224,33,3,4,95,A,5.0,3
225,34,6,1,60,B,4.0,3
226,34,6,2,39,F,0.0,3
227,34,6,3,69,B,4.0,3
228,34,6,4,59,C,3.0,3
229,35,7,1,47,D,2.0,3
230,35,7,2,65,B,4.0,3
231,35,7,3,41,E,1.0,3
232,35,7,4,56,C,3.0,3
233,36,6,1,71,A,5.0,3
234,36,6,2,63,B,4.0,3
235,36,6,3,75,A,5.0,3
236,36,6,4,92,A,5.0,3
237,37,1,1,54,C,3.0,3
238,37,2,1,40,E,1.0,3
239,37,3,1,45,D,2.0,3
240,37,1,2,41,E,1.0,3
241,37,2,2,78,A,5.0,3
242,37,3,2,70,A,5.0,3
243,37,1,3,46,D,2.0,3
244,37,2,3,37,F,0.0,3
245,37,3,3,87,A,5.0,3
246,37,1,4,79,A,5.0,3
247,37,2,4,73,A,5.0,3
248,37,3,4,66,B,4.0,3
249,38,4,1,36,F,0.0,3
250,38,5,1,46,D,2.0,3
251,38,4,2,47,D,2.0,3
252,38,5,2,39,F,0.0,3
253,38,4,3,93,A,5.0,3
254,38,5,3,59,C,3.0,3
255,38,4,4,53,C,3.0,3
256,38,5,4,48,D,2.0,3
257,39,6,1,49,D,2.0,3
258,39,6,2,53,C,3.0,3
259,39,6,3,77,A,5.0,3
260,39,6,4,68,B,4.0,3
261,40,4,1,39,F,0.0,3
262,40,5,1,64,B,4.0,3
263,40,4,2,38,F,0.0,3
264,40,5,2,58,C,3.0,3
265,40,4,3,68,B,4.0,3
266,40,5,3,35,F,0.0,3
267,40,4,4,45,D,2.0,3
268,40,5,4,55,C,3.0,3
269,41,1,1,90,A,5.0,3
270,41,2,1,93,A,5.0,3
271,41,3,1,61,B,4.0,3
272,41,1,2,60,B,4.0,3
273,41,2,2,45,D,2.0,3
274,41,3,2,42,E,1.0,3
275,41,1,3,43,E,1.0,3
276,41,2,3,69,B,4.0,3
277,41,3,3,61,B,4.0,3
278,41,1,4,65,B,4.0,3
279,41,2,4,82,A,5.0,3
280,41,3,4,39,F,0.0,3
281,42,4,1,59,C,3.0,3
282,42,5,1,92,A,5.0,3
283,42,4,2,90,A,5.0,3
284,42,5,2,48,D,2.0,3
285,42,4,3,43,E,1.0,3
286,42,5,3,90,A,5.0,3
287,42,4,4,48,D,2.0,3
288,42,5,4,54,C,3.0,3
289,43,6,1,62,B,4.0,3
290,43,6,2,87,A,5.0,3
291,43,6,3,80,A,5.0,3
292,43,6,4,77,A,5.0,3
293,44,7,1,65,B,4.0,3
294,44,7,2,45,D,2.0,3
295,44,7,3,73,A,5.0,3
296,44,7,4,71,A,5.0,3
297,45,4,1,95,A,5.0,3
298,45,5,1,54,C,3.0,3
299,45,4,2,72,A,5.0,3
300,45,5,2,47,D,2.0,3
301,45,4,3,67,B,4.0,3
302,45,5,3,80,A,5.0,3
303,45,4,4,78,A,5.0,3
304,45,5,4,64,B,4.0,3
305,46,6,1,52,C,3.0,3
306,46,6,2,47,D,2.0,3
307,46,6,3,35,F,0.0,3
308,46,6,4,44,E,1.0,3
309,47,6,1,63,B,4.0,3
310,47,6,2,39,F,0.0,3
311,47,6,3,87,A,5.0,3
312,47,6,4,60,B,4.0,3
313,48,1,1,73,A,5.0,3
314,48,2,1,86,A,5.0,3
315,48,3,1,50,C,3.0,3
316,48,1,2,68,B,4.0,3
317,48,2,2,56,C,3.0,3
318,48,3,2,93,A,5.0,3
319,48,1,3,71,A,5.0,3
320,48,2,3,91,A,5.0,3
321,48,3,3,66,B,4.0,3
322,48,1,4,64,B,4.0,3
323,48,2,4,64,B,4.0,3
324,48,3,4,71,A,5.0,3
325,49,6,1,37,F,0.0,3
326,49,6,2,82,A,5.0,3
327,49,6,3,40,E,1.0,3
328,49,6,4,53,C,3.0,3
329,50,7,1,76,A,5.0,3
330,50,7,2,91,A,5.0,3
331,50,7,3,93,A,5.0,3
332,50,7,4,64,B,4.0,3
333,51,1,1,57,C,3.0,3
334,51,2,1,79,A,5.0,3
335,51,3,1,88,A,5.0,3
336,51,1,2,80,A,5.0,3
337,51,2,2,85,A,5.0,3
338,51,3,2,54,C,3.0,3
339,51,1,3,60,B,4.0,3
340,51,2,3,74,A,5.0,3
341,51,3,3,87,A,5.0,3
342,51,1,4,86,A,5.0,3
343,51,2,4,89,A,5.0,3
344,51,3,4,46,D,2.0,3
345,52,4,1,61,B,4.0,3
346,52,5,1,50,C,3.0,3
347,52,4,2,46,D,2.0,3
348,52,5,2,92,A,5.0,3
349,52,4,3,74,A,5.0,3
350,52,5,3,81,A,5.0,3
351,52,4,4,62,B,4.0,3
352,52,5,4,64,B,4.0,3
353,53,6,1,59,C,3.0,3
354,53,6,2,93,A,5.0,3
355,53,6,3,77,A,5.0,3
356,53,6,4,46,D,2.0,3
357,54,4,1,79,A,5.0,3
358,54,5,1,71,A,5.0,3
359,54,4,2,41,E,1.0,3
360,54,5,2,60,B,4.0,3
361,54,4,3,79,A,5.0,3
362,54,5,3,95,A,5.0,3
363,54,4,4,37,F,0.0,3
364,54,5,4,50,C,3.0,3
365,55,4,1,91,A,5.0,3
366,55,5,1,90,A,5.0,3
367,55,4,2,45,D,2.0,3
368,55,5,2,52,C,3.0,3
369,55,4,3,91,A,5.0,3
370,55,5,3,75,A,5.0,3
371,55,4,4,69,B,4.0,3
372,55,5,4,53,C,3.0,3
373,56,7,1,77,A,5.0,3
374,56,7,2,93,A,5.0,3
375,56,7,3,39,F,0.0,3
376,56,7,4,79,A,5.0,3
377,57,7,1,81,A,5.0,3
378,57,7,2,81,A,5.0,3
379,57,7,3,92,A,5.0,3
380,57,7,4,48,D,2.0,3
381,58,4,1,93,A,5.0,3
382,58,5,1,66,B,4.0,3
383,58,4,2,61,B,4.0,3
384,58,5,2,83,A,5.0,3
385,58,4,3,70,A,5.0,3
386,58,5,3,42,E,1.0,3
387,58,4,4,58,C,3.0,3
388,58,5,4,39,F,0.0,3
389,59,4,1,83,A,5.0,3
390,59,5,1,41,E,1.0,3
391,59,4,2,67,B,4.0,3
392,59,5,2,84,A,5.0,3
393,59,4,3,84,A,5.0,3
394,59,5,3,55,C,3.0,3
395,59,4,4,61,B,4.0,3
396,59,5,4,63,B,4.0,3
397,60,4,1,45,D,2.0,3
398,60,5,1,51,C,3.0,3
399,60,4,2,48,D,2.0,3
400,60,5,2,67,B,4.0,3
401,60,4,3,37,F,0.0,3
402,60,5,3,64,B,4.0,3
403,60,4,4,36,F,0.0,3
404,60,5,4,39,F,0.0,3
405,61,4,1,75,A,5.0,3
406,61,5,1,79,A,5.0,3
407,61,4,2,78,A,5.0,3
408,61,5,2,82,A,5.0,3
409,61,4,3,64,B,4.0,3
410,61,5,3,59,C,3.0,3
411,61,4,4,56,C,3.0,3
412,61,5,4,82,A,5.0,3
413,62,1,1,60,B,4.0,3
414,62,2,1,89,A,5.0,3
415,62,3,1,47,D,2.0,3
416,62,1,2,60,B,4.0,3
417,62,2,2,37,F,0.0,3
418,62,3,2,35,F,0.0,3
419,62,1,3,51,C,3.0,3
420,62,2,3,42,E,1.0,3
421,62,3,3,80,A,5.0,3
422,62,1,4,93,A,5.0,3
423,62,2,4,43,E,1.0,3
424,62,3,4,55,C,3.0,3
425,63,7,1,77,A,5.0,3
426,63,7,2,82,A,5.0,3
427,63,7,3,64,B,4.0,3
428,63,7,4,66,B,4.0,3
429,64,1,1,64,B,4.0,3
430,64,2,1,39,F,0.0,3
431,64,3,1,40,E,1.0,3
432,64,1,2,70,A,5.0,3
433,64,2,2,77,A,5.0,3
434,64,3,2,50,C,3.0,3
435,64,1,3,80,A,5.0,3
436,64,2,3,95,A,5.0,3
437,64,3,3,63,B,4.0,3
438,64,1,4,43,E,1.0,3
439,64,2,4,65,B,4.0,3
440,64,3,4,87,A,5.0,3
441,65,7,1,52,C,3.0,3
442,65,7,2,88,A,5.0,3
443,65,7,3,45,D,2.0,3
444,65,7,4,45,D,2.0,3
445,66,1,1,88,A,5.0,3
446,66,2,1,36,F,0.0,3
447,66,3,1,73,A,5.0,3
448,66,1,2,41,E,1.0,3
449,66,2,2,46,D,2.0,3
450,66,3,2,53,C,3.0,3
451,66,1,3,42,E,1.0,3
452,66,2,3,69,B,4.0,3
453,66,3,3,82,A,5.0,3
454,66,1,4,60,B,4.0,3
455,66,2,4,45,D,2.0,3
456,66,3,4,39,F,0.0,3
457,67,1,1,77,A,5.0,3
458,67,2,1,83,A,5.0,3
459,67,3,1,35,F,0.0,3
460,67,1,2,78,A,5.0,3
461,67,2,2,52,C,3.0,3
462,67,3,2,44,E,1.0,3
463,67,1,3,63,B,4.0,3
464,67,2,3,57,C,3.0,3
465,67,3,3,46,D,2.0,3
466,67,1,4,48,D,2.0,3
467,67,2,4,80,A,5.0,3
468,67,3,4,37,F,0.0,3
469,68,6,1,92,A,5.0,3
470,68,6,2,78,A,5.0,3
471,68,6,3,69,B,4.0,3
472,68,6,4,48,D,2.0,3
473,69,1,1,63,B,4.0,3
474,69,2,1,79,A,5.0,3
475,69,3,1,38,F,0.0,3
476,69,1,2,88,A,5.0,3
477,69,2,2,75,A,5.0,3
478,69,3,2,86,A,5.0,3
479,69,1,3,68,B,4.0,3
480,69,2,3,76,A,5.0,3
481,69,3,3,77,A,5.0,3
482,69,1,4,80,A,5.0,3
483,69,2,4,77,A,5.0,3
484,69,3,4,92,A,5.0,3
485,70,1,1,41,E,1.0,3
486,70,2,1,59,C,3.0,3
487,70,3,1,79,A,5.0,3
488,70,1,2,54,C,3.0,3
489,70,2,2,63,B,4.0,3
490,70,3,2,38,F,0.0,3
491,70,1,3,73,A,5.0,3
492,70,2,3,35,F,0.0,3
493,70,3,3,38,F,0.0,3
494,70,1,4,84,A,5.0,3
495,70,2,4,59,C,3.0,3
496,70,3,4,84,A,5.0,3
497,71,4,1,47,D,2.0,3
498,71,5,1,94,A,5.0,3
499,71,4,2,50,C,3.0,3
500,71,5,2,58,C,3.0,3
501,71,4,3,93,A,5.0,3
502,71,5,3,50,C,3.0,3
503,71,4,4,47,D,2.0,3
504,71,5,4,40,E,1.0,3
505,72,6,1,36,F,0.0,3
506,72,6,2,61,B,4.0,3
507,72,6,3,36,F,0.0,3
508,72,6,4,35,F,0.0,3
509,73,4,1,56,C,3.0,3
510,73,5,1,87,A,5.0,3
511,73,4,2,47,D,2.0,3
512,73,5,2,78,A,5.0,3
513,73,4,3,77,A,5.0,3
514,73,5,3,39,F,0.0,3
515,73,4,4,49,D,2.0,3
516,73,5,4,91,A,5.0,3
517,74,1,1,41,E,1.0,3
518,74,2,1,86,A,5.0,3
519,74,3,1,88,A,5.0,3
520,74,1,2,88,A,5.0,3
521,74,2,2,77,A,5.0,3
522,74,3,2,45,D,2.0,3
523,74,1,3,81,A,5.0,3
524,74,2,3,45,D,2.0,3
525,74,3,3,37,F,0.0,3
526,74,1,4,61,B,4.0,3
527,74,2,4,67,B,4.0,3
528,74,3,4,41,E,1.0,3
529,75,7,1,87,A,5.0,3
530,75,7,2,55,C,3.0,3
531,75,7,3,55,C,3.0,3
532,75,7,4,70,A,5.0,3
533,76,7,1,75,A,5.0,3
534,76,7,2,47,D,2.0,3
535,76,7,3,74,A,5.0,3
536,76,7,4,48,D,2.0,3
537,77,6,1,94,A,5.0,3
538,77,6,2,69,B,4.0,3
539,77,6,3,60,B,4.0,3
540,77,6,4,95,A,5.0,3
541,78,6,1,62,B,4.0,3
542,78,6,2,42,E,1.0,3
543,78,6,3,49,D,2.0,3
544,78,6,4,48,D,2.0,3
545,79,6,1,41,E,1.0,3
546,79,6,2,57,C,3.0,3
547,79,6,3,55,C,3.0,3
548,79,6,4,46,D,2.0,3
549,80,4,1,35,F,0.0,3
550,80,5,1,60,B,4.0,3
551,80,4,2,76,A,5.0,3
552,80,5,2,55,C,3.0,3
553,80,4,3,35,F,0.0,3
554,80,5,3,59,C,3.0,3
555,80,4,4,48,D,2.0,3
556,80,5,4,64,B,4.0,3
557,81,7,1,49,D,2.0,3
558,81,7,2,39,F,0.0,3
559,81,7,3,77,A,5.0,3
560,81,7,4,87,A,5.0,3
561,82,6,1,52,C,3.0,3
562,82,6,2,76,A,5.0,3
563,82,6,3,74,A,5.0,3
564,82,6,4,58,C,3.0,3
565,83,7,1,37,F,0.0,3
566,83,7,2,39,F,0.0,3
567,83,7,3,91,A,5.0,3
568,83,7,4,48,D,2.0,3
569,84,1,1,61,B,4.0,3
570,84,2,1,54,C,3.0,3
571,84,3,1,84,A,5.0,3
572,84,1,2,73,A,5.0,3
573,84,2,2,66,B,4.0,3
574,84,3,2,41,E,1.0,3
575,84,1,3,80,A,5.0,3
576,84,2,3,69,B,4.0,3
577,84,3,3,85,A,5.0,3
578,84,1,4,94,A,5.0,3
579,84,2,4,89,A,5.0,3
580,84,3,4,71,A,5.0,3
581,85,6,1,45,D,2.0,3
582,85,6,2,51,C,3.0,3
583,85,6,3,41,E,1.0,3
584,85,6,4,73,A,5.0,3
585,86,4,1,55,C,3.0,3
586,86,5,1,75,A,5.0,3
587,86,4,2,79,A,5.0,3
588,86,5,2,59,C,3.0,3
589,86,4,3,78,A,5.0,3
590,86,5,3,94,A,5.0,3
591,86,4,4,84,A,5.0,3
592,86,5,4,79,A,5.0,3
593,87,1,1,43,E,1.0,3
594,87,2,1,56,C,3.0,3
595,87,3,1,46,D,2.0,3
596,87,1,2,75,A,5.0,3
597,87,2,2,83,A,5.0,3
598,87,3,2,91,A,5.0,3
599,87,1,3,79,A,5.0,3
600,87,2,3,55,C,3.0,3
601,87,3,3,89,A,5.0,3
602,87,1,4,77,A,5.0,3
603,87,2,4,65,B,4.0,3
604,87,3,4,39,F,0.0,3
605,88,1,1,56,C,3.0,3
606,88,2,1,36,F,0.0,3
607,88,3,1,73,A,5.0,3
608,88,1,2,93,A,5.0,3
609,88,2,2,72,A,5.0,3
610,88,3,2,63,B,4.0,3
611,88,1,3,59,C,3.0,3
612,88,2,3,67,B,4.0,3
613,88,3,3,75,A,5.0,3
614,88,1,4,82,A,5.0,3
615,88,2,4,49,D,2.0,3
616,88,3,4,67,B,4.0,3
617,89,4,1,72,A,5.0,3
618,89,5,1,80,A,5.0,3
619,89,4,2,35,F,0.0,3
620,89,5,2,49,D,2.0,3
621,89,4,3,36,F,0.0,3
622,89,5,3,74,A,5.0,3
623,89,4,4,83,A,5.0,3
624,89,5,4,92,A,5.0,3
625,90,7,1,42,E,1.0,3
626,90,7,2,54,C,3.0,3
627,90,7,3,50,C,3.0,3
628,90,7,4,82,A,5.0,3
629,91,4,1,62,B,4.0,3
630,91,5,1,83,A,5.0,3
631,91,4,2,50,C,3.0,3
632,91,5,2,74,A,5.0,3
633,91,4,3,40,E,1.0,3
634,91,5,3,38,F,0.0,3
635,91,4,4,43,E,1.0,3
636,91,5,4,58,C,3.0,3
637,92,4,1,66,B,4.0,3
638,92,5,1,53,C,3.0,3
639,92,4,2,47,D,2.0,3
640,92,5,2,44,E,1.0,3
641,92,4,3,59,C,3.0,3
642,92,5,3,48,D,2.0,3
643,92,4,4,76,A,5.0,3
644,92,5,4,37,F,0.0,3
645,93,6,1,50,C,3.0,3
646,93,6,2,94,A,5.0,3
647,93,6,3,81,A,5.0,3
648,93,6,4,73,A,5.0,3
649,94,1,1,95,A,5.0,3
650,94,2,1,63,B,4.0,3
651,94,3,1,82,A,5.0,3
652,94,1,2,91,A,5.0,3
653,94,2,2,56,C,3.0,3
654,94,3,2,43,E,1.0,3
655,94,1,3,52,C,3.0,3
656,94,2,3,55,C,3.0,3
657,94,3,3,76,A,5.0,3
658,94,1,4,85,A,5.0,3
659,94,2,4,83,A,5.0,3
660,94,3,4,37,F,0.0,3
661,95,6,1,68,B,4.0,3
662,95,6,2,85,A,5.0,3
663,95,6,3,61,B,4.0,3
664,95,6,4,76,A,5.0,3
665,96,6,1,87,A,5.0,3
666,96,6,2,53,C,3.0,3
667,96,6,3,83,A,5.0,3
668,96,6,4,36,F,0.0,3
669,97,6,1,49,D,2.0,3
670,97,6,2,89,A,5.0,3
671,97,6,3,81,A,5.0,3
672,97,6,4,56,C,3.0,3
673,98,1,1,56,C,3.0,3
674,98,2,1,50,C,3.0,3
675,98,3,1,48,D,2.0,3
676,98,1,2,69,B,4.0,3
677,98,2,2,38,F,0.0,3
678,98,3,2,93,A,5.0,3
679,98,1,3,93,A,5.0,3
680,98,2,3,77,A,5.0,3
681,98,3,3,50,C,3.0,3
682,98,1,4,86,A,5.0,3
683,98,2,4,78,A,5.0,3
684,98,3,4,79,A,5.0,3
685,99,7,1,81,A,5.0,3
686,99,7,2,49,D,2.0,3
687,99,7,3,73,A,5.0,3
688,99,7,4,90,A,5.0,3
689,100,1,1,59,C,3.0,3
690,100,2,1,68,B,4.0,3
691,100,3,1,55,C,3.0,3
692,100,1,2,46,D,2.0,3
693,100,2,2,63,B,4.0,3
694,100,3,2,75,A,5.0,3
695,100,1,3,35,F,0.0,3
696,100,2,3,39,F,0.0,3
697,100,3,3,90,A,5.0,3
698,100,1,4,66,B,4.0,3
699,100,2,4,39,F,0.0,3
700,100,3,4,47,D,2.0,3
701,101,1,1,38,F,0.0,3
702,101,2,1,75,A,5.0,3
703,101,3,1,44,E,1.0,3
704,101,1,2,95,A,5.0,3
705,101,2,2,48,D,2.0,3
706,101,3,2,43,E,1.0,3
707,101,1,3,40,E,1.0,3
708,101,2,3,46,D,2.0,3
709,101,3,3,72,A,5.0,3
710,101,1,4,70,A,5.0,3
711,101,2,4,88,A,5.0,3
712,101,3,4,85,A,5.0,3
713,102,7,1,94,A,5.0,3
714,102,7,2,48,D,2.0,3
715,102,7,3,50,C,3.0,3
716,102,7,4,67,B,4.0,3
717,103,1,1,40,E,1.0,3
718,103,2,1,62,B,4.0,3
719,103,3,1,81,A,5.0,3
720,103,1,2,64,B,4.0,3
721,103,2,2,54,C,3.0,3
722,103,3,2,45,D,2.0,3
723,103,1,3,81,A,5.0,3
724,103,2,3,47,D,2.0,3
725,103,3,3,50,C,3.0,3
726,103,1,4,62,B,4.0,3
727,103,2,4,46,D,2.0,3
728,103,3,4,73,A,5.0,3
729,104,1,1,50,C,3.0,3
730,104,2,1,54,C,3.0,3
731,104,3,1,53,C,3.0,3
732,104,1,2,71,A,5.0,3
733,104,2,2,63,B,4.0,3
734,104,3,2,75,A,5.0,3
735,104,1,3,47,D,2.0,3
736,104,2,3,52,C,3.0,3
737,104,3,3,90,A,5.0,3
738,104,1,4,85,A,5.0,3
739,104,2,4,65,B,4.0,3
740,104,3,4,40,E,1.0,3
741,105,1,1,95,A,5.0,3
742,105,2,1,58,C,3.0,3
743,105,3,1,60,B,4.0,3
744,105,1,2,59,C,3.0,3
745,105,2,2,45,D,2.0,3
746,105,3,2,65,B,4.0,3
747,105,1,3,63,B,4.0,3
748,105,2,3,62,B,4.0,3
749,105,3,3,67,B,4.0,3
750,105,1,4,74,A,5.0,3
751,105,2,4,82,A,5.0,3
752,105,3,4,62,B,4.0,3
753,106,6,1,83,A,5.0,3
754,106,6,2,44,E,1.0,3
755,106,6,3,87,A,5.0,3
756,106,6,4,85,A,5.0,3
757,107,7,1,65,B,4.0,3
758,107,7,2,36,F,0.0,3
759,107,7,3,83,A,5.0,3
760,107,7,4,59,C,3.0,3
761,108,6,1,62,B,4.0,3
762,108,6,2,89,A,5.0,3
763,108,6,3,40,E,1.0,3
764,108,6,4,83,A,5.0,3
765,109,7,1,93,A,5.0,3
766,109,7,2,93,A,5.0,3
767,109,7,3,54,C,3.0,3
768,109,7,4,73,A,5.0,3
769,110,6,1,69,B,4.0,3
770,110,6,2,44,E,1.0,3
771,110,6,3,70,A,5.0,3
772,110,6,4,81,A,5.0,3
773,111,6,1,46,D,2.0,3
774,111,6,2,51,C,3.0,3
775,111,6,3,59,C,3.0,3
776,111,6,4,64,B,4.0,3
777,112,1,1,54,C,3.0,3
778,112,2,1,64,B,4.0,3
779,112,3,1,53,C,3.0,3
780,112,1,2,59,C,3.0,3
781,112,2,2,70,A,5.0,3
782,112,3,2,73,A,5.0,3
783,112,1,3,65,B,4.0,3
784,112,2,3,39,F,0.0,3
785,112,3,3,56,C,3.0,3
786,112,1,4,43,E,1.0,3
787,112,2,4,80,A,5.0,3
788,112,3,4,65,B,4.0,3
789,113,4,1,47,D,2.0,3
790,113,5,1,44,E,1.0,3
791,113,4,2,93,A,5.0,3
792,113,5,2,47,D,2.0,3
793,113,4,3,35,F,0.0,3
794,113,5,3,35,F,0.0,3
795,113,4,4,90,A,5.0,3
796,113,5,4,67,B,4.0,3
797,114,6,1,81,A,5.0,3
798,114,6,2,81,A,5.0,3
799,114,6,3,58,C,3.0,3
800,114,6,4,66,B,4.0,3
801,115,1,1,60,B,4.0,3
802,115,2,1,94,A,5.0,3
803,115,3,1,61,B,4.0,3
804,115,1,2,95,A,5.0,3
805,115,2,2,60,B,4.0,3
806,115,3,2,82,A,5.0,3
807,115,1,3,58,C,3.0,3
808,115,2,3,59,C,3.0,3
809,115,3,3,66,B,4.0,3
810,115,1,4,54,C,3.0,3
811,115,2,4,76,A,5.0,3
812,115,3,4,72,A,5.0,3
813,116,4,1,39,F,0.0,3
814,116,5,1,61,B,4.0,3
815,116,4,2,91,A,5.0,3
816,116,5,2,37,F,0.0,3
817,116,4,3,93,A,5.0,3
818,116,5,3,42,E,1.0,3
819,116,4,4,59,C,3.0,3
820,116,5,4,94,A,5.0,3
821,117,6,1,71,A,5.0,3
822,117,6,2,45,D,2.0,3
823,117,6,3,47,D,2.0,3
824,117,6,4,83,A,5.0,3
825,118,4,1,62,B,4.0,3
826,118,5,1,51,C,3.0,3
827,118,4,2,84,A,5.0,3
828,118,5,2,93,A,5.0,3
829,118,4,3,83,A,5.0,3
830,118,5,3,81,A,5.0,3
831,118,4,4,57,C,3.0,3
832,118,5,4,67,B,4.0,3
833,119,7,1,80,A,5.0,3
834,119,7,2,66,B,4.0,3
835,119,7,3,75,A,5.0,3
836,119,7,4,79,A,5.0,3
837,120,4,1,58,C,3.0,3
838,120,5,1,79,A,5.0,3
839,120,4,2,38,F,0.0,3
840,120,5,2,76,A,5.0,3
841,120,4,3,59,C,3.0,3
842,120,5,3,94,A,5.0,3
843,120,4,4,62,B,4.0,3
844,120,5,4,82,A,5.0,3
845,121,6,1,50,C,3.0,3
846,121,6,2,50,C,3.0,3
847,121,6,3,65,B,4.0,3
848,121,6,4,37,F,0.0,3
849,122,6,1,93,A,5.0,3
850,122,6,2,87,A,5.0,3
851,122,6,3,58,C,3.0,3
852,122,6,4,75,A,5.0,3
853,123,6,1,80,A,5.0,3
854,123,6,2,78,A,5.0,3
855,123,6,3,36,F,0.0,3
856,123,6,4,79,A,5.0,3
857,124,1,1,77,A,5.0,3
858,124,2,1,76,A,5.0,3
859,124,3,1,44,E,1.0,3
860,124,1,2,51,C,3.0,3
861,124,2,2,73,A,5.0,3
862,124,3,2,64,B,4.0,3
863,124,1,3,95,A,5.0,3
864,124,2,3,78,A,5.0,3
865,124,3,3,44,E,1.0,3
866,124,1,4,51,C,3.0,3
867,124,2,4,50,C,3.0,3
868,124,3,4,73,A,5.0,3
869,125,1,1,72,A,5.0,3
870,125,2,1,95,A,5.0,3
871,125,3,1,77,A,5.0,3
872,125,1,2,88,A,5.0,3
873,125,2,2,45,D,2.0,3
874,125,3,2,35,F,0.0,3
875,125,1,3,42,E,1.0,3
876,125,2,3,84,A,5.0,3
877,125,3,3,40,E,1.0,3
878,125,1,4,76,A,5.0,3
879,125,2,4,80,A,5.0,3
880,125,3,4,93,A,5.0,3
881,126,6,1,59,C,3.0,3
882,126,6,2,60,B,4.0,3
883,126,6,3,80,A,5.0,3
884,126,6,4,72,A,5.0,3
885,127,7,1,92,A,5.0,3
886,127,7,2,40,E,1.0,3
887,127,7,3,68,B,4.0,3
888,127,7,4,93,A,5.0,3
889,128,1,1,47,D,2.0,3
890,128,2,1,91,A,5.0,3
891,128,3,1,62,B,4.0,3
892,128,1,2,45,D,2.0,3
893,128,2,2,88,A,5.0,3
894,128,3,2,62,B,4.0,3
895,128,1,3,51,C,3.0,3
896,128,2,3,79,A,5.0,3
897,128,3,3,54,C,3.0,3
898,128,1,4,67,B,4.0,3
899,128,2,4,69,B,4.0,3
900,128,3,4,77,A,5.0,3
901,129,6,1,91,A,5.0,3
902,129,6,2,59,C,3.0,3
903,129,6,3,72,A,5.0,3
904,129,6,4,54,C,3.0,3
905,130,1,1,81,A,5.0,3
906,130,2,1,61,B,4.0,3
907,130,3,1,83,A,5.0,3
908,130,1,2,91,A,5.0,3
909,130,2,2,94,A,5.0,3
910,130,3,2,81,A,5.0,3
911,130,1,3,90,A,5.0,3
912,130,2,3,40,E,1.0,3
913,130,3,3,41,E,1.0,3
914,130,1,4,75,A,5.0,3
915,130,2,4,71,A,5.0,3
916,130,3,4,84,A,5.0,3
917,131,6,1,86,A,5.0,3
918,131,6,2,57,C,3.0,3
919,131,6,3,87,A,5.0,3
920,131,6,4,44,E,1.0,3
921,132,6,1,52,C,3.0,3
922,132,6,2,82,A,5.0,3
923,132,6,3,48,D,2.0,3
924,132,6,4,94,A,5.0,3
925,133,7,1,82,A,5.0,3
926,133,7,2,60,B,4.0,3
927,133,7,3,79,A,5.0,3
928,133,7,4,54,C,3.0,3
929,134,1,1,35,F,0.0,3
930,134,2,1,45,D,2.0,3
931,134,3,1,87,A,5.0,3
932,134,1,2,66,B,4.0,3
933,134,2,2,35,F,0.0,3
934,134,3,2,41,E,1.0,3
935,134,1,3,39,F,0.0,3
936,134,2,3,84,A,5.0,3
937,134,3,3,79,A,5.0,3
938,134,1,4,61,B,4.0,3
939,134,2,4,68,B,4.0,3
940,134,3,4,61,B,4.0,3
941,135,7,1,76,A,5.0,3
942,135,7,2,53,C,3.0,3
943,135,7,3,81,A,5.0,3
944,135,7,4,62,B,4.0,3
945,136,1,1,45,D,2.0,3
946,136,2,1,46,D,2.0,3
947,136,3,1,58,C,3.0,3
948,136,1,2,46,D,2.0,3
949,136,2,2,80,A,5.0,3
950,136,3,2,43,E,1.0,3
951,136,1,3,47,D,2.0,3
952,136,2,3,66,B,4.0,3
953,136,3,3,46,D,2.0,3
954,136,1,4,67,B,4.0,3
955,136,2,4,95,A,5.0,3
956,136,3,4,42,E,1.0,3
957,137,6,1,63,B,4.0,3
958,137,6,2,71,A,5.0,3
959,137,6,3,87,A,5.0,3
960,137,6,4,48,D,2.0,3
961,138,1,1,46,D,2.0,3
962,138,2,1,47,D,2.0,3
963,138,3,1,38,F,0.0,3
964,138,1,2,82,A,5.0,3
965,138,2,2,46,D,2.0,3
966,138,3,2,86,A,5.0,3
967,138,1,3,83,A,5.0,3
968,138,2,3,47,D,2.0,3
969,138,3,3,51,C,3.0,3
970,138,1,4,92,A,5.0,3
971,138,2,4,90,A,5.0,3
972,138,3,4,61,B,4.0,3
973,139,6,1,63,B,4.0,3
974,139,6,2,75,A,5.0,3
975,139,6,3,93,A,5.0,3
976,139,6,4,74,A,5.0,3
977,140,7,1,41,E,1.0,3
978,140,7,2,90,A,5.0,3
979,140,7,3,75,A,5.0,3
980,140,7,4,45,D,2.0,3
981,141,7,1,40,E,1.0,3
982,141,7,2,53,C,3.0,3
983,141,7,3,40,E,1.0,3
984,141,7,4,59,C,3.0,3
985,142,7,1,42,E,1.0,3
986,142,7,2,52,C,3.0,3
987,142,7,3,39,F,0.0,3
988,142,7,4,56,C,3.0,3
989,143,7,1,36,F,0.0,3
990,143,7,2,72,A,5.0,3
991,143,7,3,50,C,3.0,3
992,143,7,4,65,B,4.0,3
993,144,1,1,66,B,4.0,3
994,144,2,1,78,A,5.0,3
995,144,3,1,83,A,5.0,3
996,144,1,2,41,E,1.0,3
997,144,2,2,35,F,0.0,3
998,144,3,2,38,F,0.0,3
999,144,1,3,52,C,3.0,3
1000,144,2,3,83,A,5.0,3
1001,144,3,3,35,F,0.0,3
1002,144,1,4,77,A,5.0,3
1003,144,2,4,72,A,5.0,3
1004,144,3,4,85,A,5.0,3
1005,145,7,1,37,F,0.0,3
1006,145,7,2,41,E,1.0,3
1007,145,7,3,48,D,2.0,3
1008,145,7,4,68,B,4.0,3
1009,146,4,1,85,A,5.0,3
1010,146,5,1,35,F,0.0,3
1011,146,4,2,59,C,3.0,3
1012,146,5,2,73,A,5.0,3
1013,146,4,3,68,B,4.0,3
1014,146,5,3,83,A,5.0,3
1015,146,4,4,52,C,3.0,3
1016,146,5,4,94,A,5.0,3
1017,147,6,1,66,B,4.0,3
1018,147,6,2,65,B,4.0,3
1019,147,6,3,83,A,5.0,3
1020,147,6,4,56,C,3.0,3
1021,148,6,1,73,A,5.0,3
1022,148,6,2,62,B,4.0,3
1023,148,6,3,56,C,3.0,3
1024,148,6,4,58,C,3.0,3
1025,149,4,1,78,A,5.0,3
1026,149,5,1,91,A,5.0,3
1027,149,4,2,56,C,3.0,3
1028,149,5,2,55,C,3.0,3
1029,149,4,3,87,A,5.0,3
1030,149,5,3,50,C,3.0,3
1031,149,4,4,95,A,5.0,3
1032,149,5,4,58,C,3.0,3
1033,150,6,1,77,A,5.0,3
1034,150,6,2,60,B,4.0,3
1035,150,6,3,59,C,3.0,3
1036,150,6,4,74,A,5.0,3
1037,151,1,1,38,F,0.0,3
1038,151,2,1,57,C,3.0,3
1039,151,3,1,90,A,5.0,3
1040,151,1,2,56,C,3.0,3
1041,151,2,2,86,A,5.0,3
1042,151,3,2,41,E,1.0,3
1043,151,1,3,35,F,0.0,3
1044,151,2,3,64,B,4.0,3
1045,151,3,3,90,A,5.0,3
1046,151,1,4,79,A,5.0,3
1047,151,2,4,60,B,4.0,3
1048,151,3,4,81,A,5.0,3
1049,152,7,1,88,A,5.0,3
1050,152,7,2,91,A,5.0,3
1051,152,7,3,94,A,5.0,3
1052,152,7,4,43,E,1.0,3
1053,153,7,1,36,F,0.0,3
1054,153,7,2,73,A,5.0,3
1055,153,7,3,42,E,1.0,3
1056,153,7,4,90,A,5.0,3
1057,154,1,1,68,B,4.0,3
1058,154,2,1,52,C,3.0,3
1059,154,3,1,95,A,5.0,3
1060,154,1,2,79,A,5.0,3
1061,154,2,2,83,A,5.0,3
1062,154,3,2,87,A,5.0,3
1063,154,1,3,50,C,3.0,3
1064,154,2,3,58,C,3.0,3
1065,154,3,3,63,B,4.0,3
1066,154,1,4,74,A,5.0,3
1067,154,2,4,78,A,5.0,3
1068,154,3,4,77,A,5.0,3
1069,155,7,1,90,A,5.0,3
1070,155,7,2,65,B,4.0,3
1071,155,7,3,67,B,4.0,3
1072,155,7,4,61,B,4.0,3
1073,156,6,1,77,A,5.0,3
1074,156,6,2,47,D,2.0,3
1075,156,6,3,35,F,0.0,3
1076,156,6,4,75,A,5.0,3
1077,157,7,1,95,A,5.0,3
1078,157,7,2,87,A,5.0,3
1079,157,7,3,55,C,3.0,3
1080,157,7,4,36,F,0.0,3
1081,158,6,1,75,A,5.0,3
1082,158,6,2,58,C,3.0,3
1083,158,6,3,90,A,5.0,3
1084,158,6,4,37,F,0.0,3
1085,159,7,1,86,A,5.0,3
1086,159,7,2,82,A,5.0,3
1087,159,7,3,55,C,3.0,3
1088,159,7,4,78,A,5.0,3
1089,160,1,1,63,B,4.0,3
1090,160,2,1,49,D,2.0,3
1091,160,3,1,73,A,5.0,3
1092,160,1,2,66,B,4.0,3
1093,160,2,2,60,B,4.0,3
1094,160,3,2,82,A,5.0,3
1095,160,1,3,74,A,5.0,3
1096,160,2,3,85,A,5.0,3
1097,160,3,3,40,E,1.0,3
1098,160,1,4,57,C,3.0,3
1099,160,2,4,62,B,4.0,3
1100,160,3,4,95,A,5.0,3
1101,161,1,1,94,A,5.0,3
1102,161,2,1,95,A,5.0,3
1103,161,3,1,94,A,5.0,3
1104,161,1,2,65,B,4.0,3
1105,161,2,2,77,A,5.0,3
1106,161,3,2,89,A,5.0,3
1107,161,1,3,79,A,5.0,3
1108,161,2,3,92,A,5.0,3
1109,161,3,3,41,E,1.0,3
1110,161,1,4,81,A,5.0,3
1111,161,2,4,59,C,3.0,3
1112,161,3,4,53,C,3.0,3
1113,162,7,1,73,A,5.0,3
1114,162,7,2,47,D,2.0,3
1115,162,7,3,80,A,5.0,3
1116,162,7,4,44,E,1.0,3
1117,163,6,1,90,A,5.0,3
1118,163,6,2,68,B,4.0,3
1119,163,6,3,91,A,5.0,3
1120,163,6,4,71,A,5.0,3
1121,164,6,1,85,A,5.0,3
1122,164,6,2,89,A,5.0,3
1123,164,6,3,80,A,5.0,3
1124,164,6,4,67,B,4.0,3
1125,165,4,1,37,F,0.0,3
1126,165,5,1,43,E,1.0,3
1127,165,4,2,66,B,4.0,3
1128,165,5,2,85,A,5.0,3
1129,165,4,3,40,E,1.0,3
1130,165,5,3,54,C,3.0,3
1131,165,4,4,88,A,5.0,3
1132,165,5,4,78,A,5.0,3
1133,166,6,1,70,A,5.0,3
1134,166,6,2,90,A,5.0,3
1135,166,6,3,64,B,4.0,3
1136,166,6,4,45,D,2.0,3
1137,167,1,1,92,A,5.0,3
1138,167,2,1,63,B,4.0,3
1139,167,3,1,42,E,1.0,3
1140,167,1,2,65,B,4.0,3
1141,167,2,2,77,A,5.0,3
1142,167,3,2,69,B,4.0,3
1143,167,1,3,50,C,3.0,3
1144,167,2,3,50,C,3.0,3
1145,167,3,3,48,D,2.0,3
1146,167,1,4,45,D,2.0,3
1147,167,2,4,83,A,5.0,3
1148,167,3,4,95,A,5.0,3
1149,168,6,1,77,A,5.0,3
1150,168,6,2,79,A,5.0,3
1151,168,6,3,40,E,1.0,3
1152,168,6,4,41,E,1.0,3
1153,169,1,1,62,B,4.0,3
1154,169,2,1,80,A,5.0,3
1155,169,3,1,36,F,0.0,3
1156,169,1,2,45,D,2.0,3
1157,169,2,2,94,A,5.0,3
1158,169,3,2,94,A,5.0,3
1159,169,1,3,55,C,3.0,3
1160,169,2,3,92,A,5.0,3
1161,169,3,3,59,C,3.0,3
1162,169,1,4,84,A,5.0,3
1163,169,2,4,52,C,3.0,3
1164,169,3,4,49,D,2.0,3
1165,170,7,1,81,A,5.0,3
1166,170,7,2,51,C,3.0,3
1167,170,7,3,77,A,5.0,3
1168,170,7,4,65,B,4.0,3
1169,171,7,1,95,A,5.0,3
1170,171,7,2,92,A,5.0,3
1171,171,7,3,77,A,5.0,3
1172,171,7,4,42,E,1.0,3
1173,172,6,1,77,A,5.0,3
1174,172,6,2,43,E,1.0,3
1175,172,6,3,94,A,5.0,3
1176,172,6,4,69,B,4.0,3
1177,173,6,1,75,A,5.0,3
1178,173,6,2,81,A,5.0,3
1179,173,6,3,66,B,4.0,3
1180,173,6,4,40,E,1.0,3
1181,174,6,1,85,A,5.0,3
1182,174,6,2,79,A,5.0,3
1183,174,6,3,56,C,3.0,3
1184,174,6,4,90,A,5.0,3
1185,175,4,1,49,D,2.0,3
1186,175,5,1,94,A,5.0,3
1187,175,4,2,71,A,5.0,3
1188,175,5,2,84,A,5.0,3
1189,175,4,3,94,A,5.0,3
1190,175,5,3,73,A,5.0,3
1191,175,4,4,39,F,0.0,3
1192,175,5,4,76,A,5.0,3
1193,176,6,1,56,C,3.0,3
1194,176,6,2,59,C,3.0,3
1195,176,6,3,93,A,5.0,3
1196,176,6,4,80,A,5.0,3
1197,177,1,1,82,A,5.0,3
1198,177,2,1,82,A,5.0,3
1199,177,3,1,81,A,5.0,3
1200,177,1,2,59,C,3.0,3
1201,177,2,2,76,A,5.0,3
1202,177,3,2,76,A,5.0,3
1203,177,1,3,85,A,5.0,3
1204,177,2,3,70,A,5.0,3
1205,177,3,3,89,A,5.0,3
1206,177,1,4,62,B,4.0,3
1207,177,2,4,86,A,5.0,3
1208,177,3,4,49,D,2.0,3
1209,178,4,1,49,D,2.0,3
1210,178,5,1,51,C,3.0,3
1211,178,4,2,42,E,1.0,3
1212,178,5,2,53,C,3.0,3
1213,178,4,3,40,E,1.0,3
1214,178,5,3,42,E,1.0,3
1215,178,4,4,40,E,1.0,3
1216,178,5,4,56,C,3.0,3
1217,179,7,1,82,A,5.0,3
1218,179,7,2,72,A,5.0,3
1219,179,7,3,94,A,5.0,3
1220,179,7,4,47,D,2.0,3
1221,180,4,1,82,A,5.0,3
1222,180,5,1,95,A,5.0,3
1223,180,4,2,42,E,1.0,3
1224,180,5,2,71,A,5.0,3
1225,180,4,3,58,C,3.0,3
1226,180,5,3,43,E,1.0,3
1227,180,4,4,89,A,5.0,3
1228,180,5,4,55,C,3.0,3
1229,181,4,1,59,C,3.0,3
1230,181,5,1,71,A,5.0,3
1231,181,4,2,82,A,5.0,3
1232,181,5,2,35,F,0.0,3
1233,181,4,3,54,C,3.0,3
1234,181,5,3,38,F,0.0,3
1235,181,4,4,72,A,5.0,3
1236,181,5,4,69,B,4.0,3
1237,182,1,1,47,D,2.0,3
1238,182,2,1,89,A,5.0,3
1239,182,3,1,59,C,3.0,3
1240,182,1,2,62,B,4.0,3
1241,182,2,2,55,C,3.0,3
1242,182,3,2,84,A,5.0,3
1243,182,1,3,58,C,3.0,3
1244,182,2,3,86,A,5.0,3
1245,182,3,3,78,A,5.0,3
1246,182,1,4,94,A,5.0,3
1247,182,2,4,85,A,5.0,3
1248,182,3,4,43,E,1.0,3
1249,183,7,1,68,B,4.0,3
1250,183,7,2,77,A,5.0,3
1251,183,7,3,73,A,5.0,3
1252,183,7,4,72,A,5.0,3
1253,184,1,1,49,D,2.0,3
1254,184,2,1,41,E,1.0,3
1255,184,3,1,60,B,4.0,3
1256,184,1,2,35,F,0.0,3
1257,184,2,2,69,B,4.0,3
1258,184,3,2,89,A,5.0,3
1259,184,1,3,64,B,4.0,3
1260,184,2,3,55,C,3.0,3
1261,184,3,3,44,E,1.0,3
1262,184,1,4,87,A,5.0,3
1263,184,2,4,95,A,5.0,3
1264,184,3,4,53,C,3.0,3
1265,185,6,1,88,A,5.0,3
1266,185,6,2,49,D,2.0,3
1267,185,6,3,66,B,4.0,3
1268,185,6,4,78,A,5.0,3
1269,186,4,1,64,B,4.0,3
1270,186,5,1,44,E,1.0,3
1271,186,4,2,73,A,5.0,3
1272,186,5,2,53,C,3.0,3
1273,186,4,3,44,E,1.0,3
1274,186,5,3,82,A,5.0,3
1275,186,4,4,77,A,5.0,3
1276,186,5,4,89,A,5.0,3
1277,187,1,1,86,A,5.0,3
1278,187,2,1,87,A,5.0,3
1279,187,3,1,79,A,5.0,3
1280,187,1,2,37,F,0.0,3
1281,187,2,2,73,A,5.0,3
1282,187,3,2,55,C,3.0,3
1283,187,1,3,54,C,3.0,3
1284,187,2,3,67,B,4.0,3
1285,187,3,3,79,A,5.0,3
1286,187,1,4,42,E,1.0,3
1287,187,2,4,52,C,3.0,3
1288,187,3,4,89,A,5.0,3
1289,188,6,1,80,A,5.0,3
1290,188,6,2,71,A,5.0,3
1291,188,6,3,65,B,4.0,3
1292,188,6,4,75,A,5.0,3
1293,189,1,1,88,A,5.0,3
1294,189,2,1,48,D,2.0,3
1295,189,3,1,66,B,4.0,3
1296,189,1,2,53,C,3.0,3
1297,189,2,2,80,A,5.0,3
1298,189,3,2,59,C,3.0,3
1299,189,1,3,38,F,0.0,3
1300,189,2,3,86,A,5.0,3
1301,189,3,3,56,C,3.0,3
1302,189,1,4,44,E,1.0,3
1303,189,2,4,87,A,5.0,3
1304,189,3,4,80,A,5.0,3
1305,190,7,1,48,D,2.0,3
1306,190,7,2,89,A,5.0,3
1307,190,7,3,81,A,5.0,3
1308,190,7,4,94,A,5.0,3
1309,191,6,1,86,A,5.0,3
1310,191,6,2,49,D,2.0,3
1311,191,6,3,79,A,5.0,3
1312,191,6,4,82,A,5.0,3
1313,192,6,1,38,F,0.0,3
1314,192,6,2,94,A,5.0,3
1315,192,6,3,90,A,5.0,3
1316,192,6,4,84,A,5.0,3
1317,193,4,1,46,D,2.0,3
1318,193,5,1,89,A,5.0,3
1319,193,4,2,66,B,4.0,3
1320,193,5,2,81,A,5.0,3
1321,193,4,3,60,B,4.0,3
1322,193,5,3,54,C,3.0,3
1323,193,4,4,87,A,5.0,3
1324,193,5,4,77,A,5.0,3
1325,194,4,1,93,A,5.0,3
1326,194,5,1,89,A,5.0,3
1327,194,4,2,45,D,2.0,3
1328,194,5,2,36,F,0.0,3
1329,194,4,3,70,A,5.0,3
1330,194,5,3,60,B,4.0,3
1331,194,4,4,56,C,3.0,3
1332,194,5,4,62,B,4.0,3
1333,195,6,1,78,A,5.0,3
1334,195,6,2,65,B,4.0,3
1335,195,6,3,57,C,3.0,3
1336,195,6,4,83,A,5.0,3
1337,196,6,1,60,B,4.0,3
1338,196,6,2,60,B,4.0,3
1339,196,6,3,39,F,0.0,3
1340,196,6,4,68,B,4.0,3
1341,197,7,1,81,A,5.0,3
1342,197,7,2,53,C,3.0,3
1343,197,7,3,53,C,3.0,3
1344,197,7,4,79,A,5.0,3
1345,198,6,1,94,A,5.0,3
1346,198,6,2,47,D,2.0,3
1347,198,6,3,79,A,5.0,3
1348,198,6,4,89,A,5.0,3
1349,199,6,1,70,A,5.0,3
1350,199,6,2,60,B,4.0,3
1351,199,6,3,41,E,1.0,3
1352,199,6,4,43,E,1.0,3
1353,200,7,1,55,C,3.0,3
1354,200,7,2,83,A,5.0,3
1355,200,7,3,85,A,5.0,3
1356,200,7,4,72,A,5.0,3
1357,201,1,1,90,A,5.0,3
1358,201,2,1,86,A,5.0,3
1359,201,3,1,38,F,0.0,3
1360,201,1,2,89,A,5.0,3
1361,201,2,2,94,A,5.0,3
1362,201,3,2,80,A,5.0,3
1363,201,1,3,54,C,3.0,3
1364,201,2,3,64,B,4.0,3
1365,201,3,3,76,A,5.0,3
1366,201,1,4,45,D,2.0,3
1367,201,2,4,71,A,5.0,3
1368,201,3,4,43,E,1.0,3
1369,202,4,1,63,B,4.0,3
1370,202,5,1,79,A,5.0,3
1371,202,4,2,65,B,4.0,3
1372,202,5,2,53,C,3.0,3
1373,202,4,3,92,A,5.0,3
1374,202,5,3,44,E,1.0,3
1375,202,4,4,48,D,2.0,3
1376,202,5,4,48,D,2.0,3
1377,203,6,1,86,A,5.0,3
1378,203,6,2,82,A,5.0,3
1379,203,6,3,47,D,2.0,3
1380,203,6,4,82,A,5.0,3
1381,204,7,1,76,A,5.0,3
1382,204,7,2,35,F,0.0,3
1383,204,7,3,58,C,3.0,3
1384,204,7,4,81,A,5.0,3
1385,205,4,1,89,A,5.0,3
1386,205,5,1,71,A,5.0,3
1387,205,4,2,41,E,1.0,3
1388,205,5,2,78,A,5.0,3
1389,205,4,3,85,A,5.0,3
1390,205,5,3,89,A,5.0,3
1391,205,4,4,44,E,1.0,3
1392,205,5,4,59,C,3.0,3
1393,206,6,1,95,A,5.0,3
1394,206,6,2,62,B,4.0,3
1395,206,6,3,78,A,5.0,3
1396,206,6,4,88,A,5.0,3
1397,207,4,1,45,D,2.0,3
1398,207,5,1,94,A,5.0,3
1399,207,4,2,38,F,0.0,3
1400,207,5,2,41,E,1.0,3
1401,207,4,3,57,C,3.0,3
1402,207,5,3,65,B,4.0,3
1403,207,4,4,46,D,2.0,3
1404,207,5,4,95,A,5.0,3
1405,208,6,1,38,F,0.0,3
1406,208,6,2,42,E,1.0,3
1407,208,6,3,67,B,4.0,3
1408,208,6,4,76,A,5.0,3
1409,209,4,1,56,C,3.0,3
1410,209,5,1,72,A,5.0,3
1411,209,4,2,62,B,4.0,3
1412,209,5,2,44,E,1.0,3
1413,209,4,3,75,A,5.0,3
1414,209,5,3,81,A,5.0,3
1415,209,4,4,60,B,4.0,3
1416,209,5,4,50,C,3.0,3
1417,210,7,1,37,F,0.0,3
1418,210,7,2,42,E,1.0,3
1419,210,7,3,50,C,3.0,3
1420,210,7,4,60,B,4.0,3
1421,211,7,1,66,B,4.0,3
1422,211,7,2,54,C,3.0,3
1423,211,7,3,79,A,5.0,3
1424,211,7,4,73,A,5.0,3
1425,212,7,1,46,D,2.0,3
1426,212,7,2,76,A,5.0,3
1427,212,7,3,82,A,5.0,3
1428,212,7,4,59,C,3.0,3
1429,213,7,1,84,A,5.0,3
1430,213,7,2,79,A,5.0,3
1431,213,7,3,85,A,5.0,3
1432,213,7,4,77,A,5.0,3
1433,214,6,1,77,A,5.0,3
1434,214,6,2,40,E,1.0,3
1435,214,6,3,84,A,5.0,3
1436,214,6,4,64,B,4.0,3
1437,215,4,1,90,A,5.0,3
1438,215,5,1,87,A,5.0,3
1439,215,4,2,76,A,5.0,3
1440,215,5,2,59,C,3.0,3
1441,215,4,3,52,C,3.0,3
1442,215,5,3,75,A,5.0,3
1443,215,4,4,76,A,5.0,3
1444,215,5,4,63,B,4.0,3
1445,216,4,1,58,C,3.0,3
1446,216,5,1,35,F,0.0,3
1447,216,4,2,42,E,1.0,3
1448,216,5,2,42,E,1.0,3
1449,216,4,3,40,E,1.0,3
1450,216,5,3,42,E,1.0,3
1451,216,4,4,66,B,4.0,3
1452,216,5,4,76,A,5.0,3
1453,217,4,1,77,A,5.0,3
1454,217,5,1,93,A,5.0,3
1455,217,4,2,67,B,4.0,3
1456,217,5,2,49,D,2.0,3
1457,217,4,3,36,F,0.0,3
1458,217,5,3,72,A,5.0,3
1459,217,4,4,71,A,5.0,3
1460,217,5,4,71,A,5.0,3
1461,218,7,1,65,B,4.0,3
1462,218,7,2,52,C,3.0,3
1463,218,7,3,79,A,5.0,3
1464,218,7,4,82,A,5.0,3
1465,219,7,1,41,E,1.0,3
1466,219,7,2,85,A,5.0,3
1467,219,7,3,72,A,5.0,3
1468,219,7,4,46,D,2.0,3
1469,220,6,1,59,C,3.0,3
1470,220,6,2,65,B,4.0,3
1471,220,6,3,76,A,5.0,3
1472,220,6,4,79,A,5.0,3
1473,221,4,1,62,B,4.0,3
1474,221,5,1,54,C,3.0,3
1475,221,4,2,71,A,5.0,3
1476,221,5,2,43,E,1.0,3
1477,221,4,3,41,E,1.0,3
1478,221,5,3,55,C,3.0,3
1479,221,4,4,39,F,0.0,3
1480,221,5,4,80,A,5.0,3
1481,222,6,1,93,A,5.0,3
1482,222,6,2,90,A,5.0,3
1483,222,6,3,85,A,5.0,3
1484,222,6,4,69,B,4.0,3
1485,223,4,1,46,D,2.0,3
1486,223,5,1,60,B,4.0,3
1487,223,4,2,87,A,5.0,3
1488,223,5,2,79,A,5.0,3
1489,223,4,3,36,F,0.0,3
1490,223,5,3,60,B,4.0,3
1491,223,4,4,70,A,5.0,3
1492,223,5,4,87,A,5.0,3
1493,224,1,1,69,B,4.0,3
1494,224,2,1,85,A,5.0,3
1495,224,3,1,86,A,5.0,3
1496,224,1,2,68,B,4.0,3
1497,224,2,2,66,B,4.0,3
1498,224,3,2,39,F,0.0,3
1499,224,1,3,68,B,4.0,3
1500,224,2,3,88,A,5.0,3
1501,224,3,3,72,A,5.0,3
1502,224,1,4,69,B,4.0,3
1503,224,2,4,80,A,5.0,3
1504,224,3,4,87,A,5.0,3
1505,225,1,1,85,A,5.0,3
1506,225,2,1,76,A,5.0,3
1507,225,3,1,42,E,1.0,3
1508,225,1,2,83,A,5.0,3
1509,225,2,2,83,A,5.0,3
1510,225,3,2,48,D,2.0,3
1511,225,1,3,77,A,5.0,3
1512,225,2,3,92,A,5.0,3
1513,225,3,3,42,E,1.0,3
1514,225,1,4,46,D,2.0,3
1515,225,2,4,90,A,5.0,3
1516,225,3,4,73,A,5.0,3
1517,226,4,1,79,A,5.0,3
1518,226,5,1,46,D,2.0,3
1519,226,4,2,35,F,0.0,3
1520,226,5,2,70,A,5.0,3
1521,226,4,3,63,B,4.0,3
1522,226,5,3,86,A,5.0,3
1523,226,4,4,55,C,3.0,3
1524,226,5,4,42,E,1.0,3
1525,227,4,1,37,F,0.0,3
1526,227,5,1,43,E,1.0,3
1527,227,4,2,71,A,5.0,3
1528,227,5,2,48,D,2.0,3
1529,227,4,3,76,A,5.0,3
1530,227,5,3,45,D,2.0,3
1531,227,4,4,40,E,1.0,3
1532,227,5,4,70,A,5.0,3
1533,228,1,1,51,C,3.0,3
1534,228,2,1,89,A,5.0,3
1535,228,3,1,83,A,5.0,3
1536,228,1,2,37,F,0.0,3
1537,228,2,2,40,E,1.0,3
1538,228,3,2,42,E,1.0,3
1539,228,1,3,67,B,4.0,3
1540,228,2,3,54,C,3.0,3
1541,228,3,3,58,C,3.0,3
1542,228,1,4,69,B,4.0,3
1543,228,2,4,45,D,2.0,3
1544,228,3,4,62,B,4.0,3
1545,229,4,1,95,A,5.0,3
1546,229,5,1,77,A,5.0,3
1547,229,4,2,35,F,0.0,3
1548,229,5,2,50,C,3.0,3
1549,229,4,3,54,C,3.0,3
1550,229,5,3,37,F,0.0,3
1551,229,4,4,95,A,5.0,3
1552,229,5,4,95,A,5.0,3
1553,230,6,1,68,B,4.0,3
1554,230,6,2,92,A,5.0,3
1555,230,6,3,85,A,5.0,3
1556,230,6,4,53,C,3.0,3
1557,231,6,1,77,A,5.0,3
1558,231,6,2,69,B,4.0,3
1559,231,6,3,63,B,4.0,3
1560,231,6,4,43,E,1.0,3
1561,232,7,1,71,A,5.0,3
1562,232,7,2,66,B,4.0,3
1563,232,7,3,79,A,5.0,3
1564,232,7,4,55,C,3.0,3
1565,233,1,1,68,B,4.0,3
1566,233,2,1,93,A,5.0,3
1567,233,3,1,57,C,3.0,3
1568,233,1,2,73,A,5.0,3
1569,233,2,2,69,B,4.0,3
1570,233,3,2,67,B,4.0,3
1571,233,1,3,48,D,2.0,3
1572,233,2,3,79,A,5.0,3
1573,233,3,3,41,E,1.0,3
1574,233,1,4,77,A,5.0,3
1575,233,2,4,87,A,5.0,3
1576,233,3,4,37,F,0.0,3
1577,234,7,1,50,C,3.0,3
1578,234,7,2,37,F,0.0,3
1579,234,7,3,47,D,2.0,3
1580,234,7,4,44,E,1.0,3
1581,235,7,1,54,C,3.0,3
1582,235,7,2,89,A,5.0,3
1583,235,7,3,88,A,5.0,3
1584,235,7,4,48,D,2.0,3
1585,236,4,1,43,E,1.0,3
1586,236,5,1,73,A,5.0,3
1587,236,4,2,70,A,5.0,3
1588,236,5,2,48,D,2.0,3
1589,236,4,3,72,A,5.0,3
1590,236,5,3,57,C,3.0,3
1591,236,4,4,52,C,3.0,3
1592,236,5,4,43,E,1.0,3
1593,237,7,1,81,A,5.0,3
1594,237,7,2,74,A,5.0,3
1595,237,7,3,62,B,4.0,3
1596,237,7,4,39,F,0.0,3
1597,238,4,1,70,A,5.0,3
1598,238,5,1,51,C,3.0,3
1599,238,4,2,51,C,3.0,3
1600,238,5,2,59,C,3.0,3
1601,238,4,3,76,A,5.0,3
1602,238,5,3,92,A,5.0,3
1603,238,4,4,45,D,2.0,3
1604,238,5,4,60,B,4.0,3
1605,239,7,1,64,B,4.0,3
1606,239,7,2,40,E,1.0,3
1607,239,7,3,95,A,5.0,3
1608,239,7,4,51,C,3.0,3
1609,240,7,1,78,A,5.0,3
1610,240,7,2,62,B,4.0,3
1611,240,7,3,95,A,5.0,3
1612,240,7,4,79,A,5.0,3
1613,241,6,1,44,E,1.0,3
1614,241,6,2,69,B,4.0,3
1615,241,6,3,48,D,2.0,3
1616,241,6,4,39,F,0.0,3
1617,242,4,1,75,A,5.0,3
1618,242,5,1,81,A,5.0,3
1619,242,4,2,52,C,3.0,3
1620,242,5,2,75,A,5.0,3
1621,242,4,3,79,A,5.0,3
1622,242,5,3,76,A,5.0,3
1623,242,4,4,47,D,2.0,3
1624,242,5,4,80,A,5.0,3
1625,243,1,1,58,C,3.0,3
1626,243,2,1,71,A,5.0,3
1627,243,3,1,77,A,5.0,3
1628,243,1,2,76,A,5.0,3
1629,243,2,2,87,A,5.0,3
1630,243,3,2,67,B,4.0,3
1631,243,1,3,73,A,5.0,3
1632,243,2,3,45,D,2.0,3
1633,243,3,3,61,B,4.0,3
1634,243,1,4,87,A,5.0,3
1635,243,2,4,44,E,1.0,3
1636,243,3,4,55,C,3.0,3
1637,244,4,1,85,A,5.0,3
1638,244,5,1,62,B,4.0,3
1639,244,4,2,59,C,3.0,3
1640,244,5,2,36,F,0.0,3
1641,244,4,3,73,A,5.0,3
1642,244,5,3,50,C,3.0,3
1643,244,4,4,39,F,0.0,3
1644,244,5,4,52,C,3.0,3
1645,245,1,1,42,E,1.0,3
1646,245,2,1,69,B,4.0,3
1647,245,3,1,42,E,1.0,3
1648,245,1,2,78,A,5.0,3
1649,245,2,2,70,A,5.0,3
1650,245,3,2,61,B,4.0,3
1651,245,1,3,39,F,0.0,3
1652,245,2,3,56,C,3.0,3
1653,245,3,3,75,A,5.0,3
1654,245,1,4,40,E,1.0,3
1655,245,2,4,58,C,3.0,3
1656,245,3,4,93,A,5.0,3
1657,246,7,1,56,C,3.0,3
1658,246,7,2,84,A,5.0,3
1659,246,7,3,52,C,3.0,3
1660,246,7,4,44,E,1.0,3
1661,247,1,1,90,A,5.0,3
1662,247,2,1,86,A,5.0,3
1663,247,3,1,49,D,2.0,3
1664,247,1,2,52,C,3.0,3
1665,247,2,2,35,F,0.0,3
1666,247,3,2,41,E,1.0,3
1667,247,1,3,59,C,3.0,3
1668,247,2,3,49,D,2.0,3
1669,247,3,3,59,C,3.0,3
1670,247,1,4,95,A,5.0,3
1671,247,2,4,41,E,1.0,3
1672,247,3,4,85,A,5.0,3
1673,248,7,1,94,A,5.0,3
1674,248,7,2,42,E,1.0,3
1675,248,7,3,46,D,2.0,3
1676,248,7,4,68,B,4.0,3
1677,249,4,1,81,A,5.0,3
1678,249,5,1,91,A,5.0,3
1679,249,4,2,54,C,3.0,3
1680,249,5,2,72,A,5.0,3
1681,249,4,3,87,A,5.0,3
1682,249,5,3,86,A,5.0,3
1683,249,4,4,66,B,4.0,3
1684,249,5,4,41,E,1.0,3
1685,250,6,1,68,B,4.0,3
1686,250,6,2,57,C,3.0,3
1687,250,6,3,79,A,5.0,3
1688,250,6,4,71,A,5.0,3
1689,251,1,1,90,A,5.0,3
1690,251,2,1,53,C,3.0,3
1691,251,3,1,70,A,5.0,3
1692,251,1,2,52,C,3.0,3
1693,251,2,2,73,A,5.0,3
1694,251,3,2,41,E,1.0,3
1695,251,1,3,92,A,5.0,3
1696,251,2,3,38,F,0.0,3
1697,251,3,3,45,D,2.0,3
1698,251,1,4,55,C,3.0,3
1699,251,2,4,95,A,5.0,3
1700,251,3,4,83,A,5.0,3
1701,252,6,1,59,C,3.0,3
1702,252,6,2,46,D,2.0,3
1703,252,6,3,57,C,3.0,3
1704,252,6,4,86,A,5.0,3
1705,253,4,1,82,A,5.0,3
1706,253,5,1,78,A,5.0,3
1707,253,4,2,85,A,5.0,3
1708,253,5,2,69,B,4.0,3
1709,253,4,3,70,A,5.0,3
1710,253,5,3,73,A,5.0,3
1711,253,4,4,91,A,5.0,3
1712,253,5,4,89,A,5.0,3
1713,254,4,1,60,B,4.0,3
1714,254,5,1,65,B,4.0,3
1715,254,4,2,72,A,5.0,3
1716,254,5,2,43,E,1.0,3
1717,254,4,3,51,C,3.0,3
1718,254,5,3,35,F,0.0,3
1719,254,4,4,78,A,5.0,3
1720,254,5,4,67,B,4.0,3
1721,255,7,1,80,A,5.0,3
1722,255,7,2,44,E,1.0,3
1723,255,7,3,77,A,5.0,3
1724,255,7,4,43,E,1.0,3
1725,256,6,1,44,E,1.0,3
1726,256,6,2,59,C,3.0,3
1727,256,6,3,71,A,5.0,3
1728,256,6,4,82,A,5.0,3
1729,257,4,1,52,C,3.0,3
1730,257,5,1,38,F,0.0,3
1731,257,4,2,93,A,5.0,3
1732,257,5,2,81,A,5.0,3
1733,257,4,3,75,A,5.0,3
1734,257,5,3,58,C,3.0,3
1735,257,4,4,80,A,5.0,3
1736,257,5,4,84,A,5.0,3
1737,258,7,1,50,C,3.0,3
1738,258,7,2,78,A,5.0,3
1739,258,7,3,73,A,5.0,3
1740,258,7,4,61,B,4.0,3
1741,259,7,1,80,A,5.0,3
1742,259,7,2,64,B,4.0,3
1743,259,7,3,46,D,2.0,3
1744,259,7,4,63,B,4.0,3
1745,260,1,1,57,C,3.0,3
1746,260,2,1,86,A,5.0,3
1747,260,3,1,64,B,4.0,3
1748,260,1,2,67,B,4.0,3
1749,260,2,2,53,C,3.0,3
1750,260,3,2,52,C,3.0,3
1751,260,1,3,95,A,5.0,3
1752,260,2,3,62,B,4.0,3
1753,260,3,3,68,B,4.0,3
1754,260,1,4,95,A,5.0,3
1755,260,2,4,80,A,5.0,3
1756,260,3,4,91,A,5.0,3
1757,261,1,1,94,A,5.0,3
1758,261,2,1,87,A,5.0,3
1759,261,3,1,49,D,2.0,3
1760,261,1,2,54,C,3.0,3
1761,261,2,2,75,A,5.0,3
1762,261,3,2,89,A,5.0,3
1763,261,1,3,40,E,1.0,3
1764,261,2,3,95,A,5.0,3
1765,261,3,3,54,C,3.0,3
1766,261,1,4,61,B,4.0,3
1767,261,2,4,84,A,5.0,3
1768,261,3,4,55,C,3.0,3
1769,262,7,1,89,A,5.0,3
1770,262,7,2,40,E,1.0,3
1771,262,7,3,75,A,5.0,3
1772,262,7,4,40,E,1.0,3
1773,263,1,1,39,F,0.0,3
1774,263,2,1,81,A,5.0,3
1775,263,3,1,50,C,3.0,3
1776,263,1,2,95,A,5.0,3
1777,263,2,2,40,E,1.0,3
1778,263,3,2,45,D,2.0,3
1779,263,1,3,71,A,5.0,3
1780,263,2,3,38,F,0.0,3
1781,263,3,3,40,E,1.0,3
1782,263,1,4,82,A,5.0,3
1783,263,2,4,53,C,3.0,3
1784,263,3,4,70,A,5.0,3
1785,264,1,1,94,A,5.0,3
1786,264,2,1,66,B,4.0,3
1787,264,3,1,86,A,5.0,3
1788,264,1,2,90,A,5.0,3
1789,264,2,2,35,F,0.0,3
1790,264,3,2,95,A,5.0,3
1791,264,1,3,62,B,4.0,3
1792,264,2,3,78,A,5.0,3
1793,264,3,3,67,B,4.0,3
1794,264,1,4,94,A,5.0,3
1795,264,2,4,81,A,5.0,3
1796,264,3,4,43,E,1.0,3
1797,265,7,1,65,B,4.0,3
1798,265,7,2,66,B,4.0,3
1799,265,7,3,67,B,4.0,3
1800,265,7,4,78,A,5.0,3
1801,266,7,1,78,A,5.0,3
1802,266,7,2,91,A,5.0,3
1803,266,7,3,69,B,4.0,3
1804,266,7,4,79,A,5.0,3
1805,267,1,1,42,E,1.0,3
1806,267,2,1,60,B,4.0,3
1807,267,3,1,35,F,0.0,3
1808,267,1,2,74,A,5.0,3
1809,267,2,2,47,D,2.0,3
1810,267,3,2,93,A,5.0,3
1811,267,1,3,88,A,5.0,3
1812,267,2,3,82,A,5.0,3
1813,267,3,3,35,F,0.0,3
1814,267,1,4,80,A,5.0,3
1815,267,2,4,62,B,4.0,3
1816,267,3,4,79,A,5.0,3
1817,268,4,1,69,B,4.0,3
1818,268,5,1,82,A,5.0,3
1819,268,4,2,57,C,3.0,3
1820,268,5,2,50,C,3.0,3
1821,268,4,3,82,A,5.0,3
1822,268,5,3,77,A,5.0,3
1823,268,4,4,95,A,5.0,3
1824,268,5,4,93,A,5.0,3
1825,269,6,1,87,A,5.0,3
1826,269,6,2,91,A,5.0,3
1827,269,6,3,95,A,5.0,3
1828,269,6,4,68,B,4.0,3
1829,270,7,1,78,A,5.0,3
1830,270,7,2,73,A,5.0,3
1831,270,7,3,37,F,0.0,3
1832,270,7,4,73,A,5.0,3
1833,271,7,1,63,B,4.0,3
1834,271,7,2,45,D,2.0,3
1835,271,7,3,78,A,5.0,3
1836,271,7,4,94,A,5.0,3
1837,272,4,1,91,A,5.0,3
1838,272,5,1,83,A,5.0,3
1839,272,4,2,68,B,4.0,3
1840,272,5,2,92,A,5.0,3
1841,272,4,3,49,D,2.0,3
1842,272,5,3,46,D,2.0,3
1843,272,4,4,39,F,0.0,3
1844,272,5,4,58,C,3.0,3
1845,273,7,1,88,A,5.0,3
1846,273,7,2,43,E,1.0,3
1847,273,7,3,67,B,4.0,3
1848,273,7,4,57,C,3.0,3
1849,274,1,1,95,A,5.0,3
1850,274,2,1,38,F,0.0,3
1851,274,3,1,62,B,4.0,3
1852,274,1,2,66,B,4.0,3
1853,274,2,2,59,C,3.0,3
1854,274,3,2,45,D,2.0,3
1855,274,1,3,58,C,3.0,3
1856,274,2,3,42,E,1.0,3
1857,274,3,3,56,C,3.0,3
1858,274,1,4,93,A,5.0,3
1859,274,2,4,78,A,5.0,3
1860,274,3,4,50,C,3.0,3
1861,275,4,1,88,A,5.0,3
1862,275,5,1,69,B,4.0,3
1863,275,4,2,89,A,5.0,3
1864,275,5,2,84,A,5.0,3
1865,275,4,3,89,A,5.0,3
1866,275,5,3,42,E,1.0,3
1867,275,4,4,53,C,3.0,3
1868,275,5,4,54,C,3.0,3
1869,276,1,1,65,B,4.0,3
1870,276,2,1,53,C,3.0,3
1871,276,3,1,51,C,3.0,3
1872,276,1,2,48,D,2.0,3
1873,276,2,2,35,F,0.0,3
1874,276,3,2,82,A,5.0,3
1875,276,1,3,75,A,5.0,3
1876,276,2,3,71,A,5.0,3
1877,276,3,3,60,B,4.0,3
1878,276,1,4,48,D,2.0,3
1879,276,2,4,94,A,5.0,3
1880,276,3,4,54,C,3.0,3
1881,277,4,1,94,A,5.0,3
1882,277,5,1,94,A,5.0,3
1883,277,4,2,76,A,5.0,3
1884,277,5,2,67,B,4.0,3
1885,277,4,3,87,A,5.0,3
1886,277,5,3,92,A,5.0,3
1887,277,4,4,37,F,0.0,3
1888,277,5,4,94,A,5.0,3
1889,278,6,1,64,B,4.0,3
1890,278,6,2,92,A,5.0,3
1891,278,6,3,74,A,5.0,3
1892,278,6,4,89,A,5.0,3
1893,279,4,1,66,B,4.0,3
1894,279,5,1,38,F,0.0,3
1895,279,4,2,57,C,3.0,3
1896,279,5,2,35,F,0.0,3
1897,279,4,3,74,A,5.0,3
1898,279,5,3,64,B,4.0,3
1899,279,4,4,56,C,3.0,3
1900,279,5,4,54,C,3.0,3
1901,280,1,1,57,C,3.0,3
1902,280,2,1,41,E,1.0,3
1903,280,3,1,35,F,0.0,3
1904,280,1,2,57,C,3.0,3
1905,280,2,2,91,A,5.0,3
1906,280,3,2,81,A,5.0,3
1907,280,1,3,46,D,2.0,3
1908,280,2,3,60,B,4.0,3
1909,280,3,3,57,C,3.0,3
1910,280,1,4,35,F,0.0,3
1911,280,2,4,41,E,1.0,3
1912,280,3,4,62,B,4.0,3
1913,281,7,1,66,B,4.0,3
1914,281,7,2,47,D,2.0,3
1915,281,7,3,40,E,1.0,3
1916,281,7,4,68,B,4.0,3
1917,282,7,1,67,B,4.0,3
1918,282,7,2,92,A,5.0,3
1919,282,7,3,44,E,1.0,3
1920,282,7,4,61,B,4.0,3
1921,283,4,1,42,E,1.0,3
1922,283,5,1,93,A,5.0,3
1923,283,4,2,66,B,4.0,3
1924,283,5,2,35,F,0.0,3
1925,283,4,3,44,E,1.0,3
1926,283,5,3,84,A,5.0,3
1927,283,4,4,77,A,5.0,3
1928,283,5,4,51,C,3.0,3
1929,284,1,1,49,D,2.0,3
1930,284,2,1,65,B,4.0,3
1931,284,3,1,60,B,4.0,3
1932,284,1,2,58,C,3.0,3
1933,284,2,2,54,C,3.0,3
1934,284,3,2,58,C,3.0,3
1935,284,1,3,62,B,4.0,3
1936,284,2,3,92,A,5.0,3
1937,284,3,3,46,D,2.0,3
1938,284,1,4,69,B,4.0,3
1939,284,2,4,86,A,5.0,3
1940,284,3,4,52,C,3.0,3
1941,285,4,1,41,E,1.0,3
1942,285,5,1,63,B,4.0,3
1943,285,4,2,77,A,5.0,3
1944,285,5,2,88,A,5.0,3
1945,285,4,3,63,B,4.0,3
1946,285,5,3,45,D,2.0,3
1947,285,4,4,43,E,1.0,3
1948,285,5,4,57,C,3.0,3
1949,286,1,1,82,A,5.0,3
1950,286,2,1,62,B,4.0,3
1951,286,3,1,35,F,0.0,3
1952,286,1,2,57,C,3.0,3
1953,286,2,2,91,A,5.0,3
1954,286,3,2,90,A,5.0,3
1955,286,1,3,80,A,5.0,3
1956,286,2,3,47,D,2.0,3
1957,286,3,3,42,E,1.0,3
1958,286,1,4,47,D,2.0,3
1959,286,2,4,53,C,3.0,3
1960,286,3,4,37,F,0.0,3
1961,287,1,1,43,E,1.0,3
1962,287,2,1,60,B,4.0,3
1963,287,3,1,61,B,4.0,3
1964,287,1,2,82,A,5.0,3
1965,287,2,2,56,C,3.0,3
1966,287,3,2,92,A,5.0,3
1967,287,1,3,37,F,0.0,3
1968,287,2,3,45,D,2.0,3
1969,287,3,3,77,A,5.0,3
1970,287,1,4,47,D,2.0,3
1971,287,2,4,95,A,5.0,3
1972,287,3,4,65,B,4.0,3
1973,288,4,1,77,A,5.0,3
1974,288,5,1,52,C,3.0,3
1975,288,4,2,42,E,1.0,3
1976,288,5,2,61,B,4.0,3
1977,288,4,3,66,B,4.0,3
1978,288,5,3,70,A,5.0,3
1979,288,4,4,66,B,4.0,3
1980,288,5,4,86,A,5.0,3
1981,289,6,1,78,A,5.0,3
1982,289,6,2,80,A,5.0,3
1983,289,6,3,43,E,1.0,3
1984,289,6,4,55,C,3.0,3
1985,290,1,1,83,A,5.0,3
1986,290,2,1,83,A,5.0,3
1987,290,3,1,84,A,5.0,3
1988,290,1,2,91,A,5.0,3
1989,290,2,2,60,B,4.0,3
1990,290,3,2,67,B,4.0,3
1991,290,1,3,81,A,5.0,3
1992,290,2,3,94,A,5.0,3
1993,290,3,3,82,A,5.0,3
1994,290,1,4,88,A,5.0,3
1995,290,2,4,87,A,5.0,3
1996,290,3,4,59,C,3.0,3
1997,291,1,1,43,E,1.0,3
1998,291,2,1,42,E,1.0,3
1999,291,3,1,41,E,1.0,3
2000,291,1,2,85,A,5.0,3
2001,291,2,2,36,F,0.0,3
2002,291,3,2,43,E,1.0,3
2003,291,1,3,44,E,1.0,3
2004,291,2,3,57,C,3.0,3
2005,291,3,3,67,B,4.0,3
2006,291,1,4,35,F,0.0,3
2007,291,2,4,84,A,5.0,3
2008,291,3,4,78,A,5.0,3
2009,292,7,1,50,C,3.0,3
2010,292,7,2,38,F,0.0,3
2011,292,7,3,78,A,5.0,3
2012,292,7,4,88,A,5.0,3
2013,293,6,1,56,C,3.0,3
2014,293,6,2,62,B,4.0,3
2015,293,6,3,73,A,5.0,3
2016,293,6,4,82,A,5.0,3
2017,294,7,1,35,F,0.0,3
2018,294,7,2,62,B,4.0,3
2019,294,7,3,65,B,4.0,3
2020,294,7,4,53,C,3.0,3
2021,295,1,1,53,C,3.0,3
2022,295,2,1,66,B,4.0,3
2023,295,3,1,40,E,1.0,3
2024,295,1,2,83,A,5.0,3
2025,295,2,2,62,B,4.0,3
2026,295,3,2,50,C,3.0,3
2027,295,1,3,74,A,5.0,3
2028,295,2,3,44,E,1.0,3
2029,295,3,3,81,A,5.0,3
2030,295,1,4,67,B,4.0,3
2031,295,2,4,46,D,2.0,3
2032,295,3,4,50,C,3.0,3
2033,296,1,1,52,C,3.0,3
2034,296,2,1,84,A,5.0,3
2035,296,3,1,42,E,1.0,3
2036,296,1,2,90,A,5.0,3
2037,296,2,2,51,C,3.0,3
2038,296,3,2,79,A,5.0,3
2039,296,1,3,50,C,3.0,3
2040,296,2,3,77,A,5.0,3
2041,296,3,3,87,A,5.0,3
2042,296,1,4,62,B,4.0,3
2043,296,2,4,47,D,2.0,3
2044,296,3,4,65,B,4.0,3
2045,297,4,1,80,A,5.0,3
2046,297,5,1,85,A,5.0,3
2047,297,4,2,86,A,5.0,3
2048,297,5,2,41,E,1.0,3
2049,297,4,3,79,A,5.0,3
2050,297,5,3,81,A,5.0,3
2051,297,4,4,67,B,4.0,3
2052,297,5,4,74,A,5.0,3
2053,298,1,1,46,D,2.0,3
2054,298,2,1,47,D,2.0,3
2055,298,3,1,89,A,5.0,3
2056,298,1,2,72,A,5.0,3
2057,298,2,2,75,A,5.0,3
2058,298,3,2,75,A,5.0,3
2059,298,1,3,44,E,1.0,3
2060,298,2,3,49,D,2.0,3
2061,298,3,3,42,E,1.0,3
2062,298,1,4,43,E,1.0,3
2063,298,2,4,60,B,4.0,3
2064,298,3,4,37,F,0.0,3
2065,299,1,1,52,C,3.0,3
2066,299,2,1,47,D,2.0,3
2067,299,3,1,94,A,5.0,3
2068,299,1,2,44,E,1.0,3
2069,299,2,2,62,B,4.0,3
2070,299,3,2,36,F,0.0,3
2071,299,1,3,74,A,5.0,3
2072,299,2,3,47,D,2.0,3
2073,299,3,3,40,E,1.0,3
2074,299,1,4,90,A,5.0,3
2075,299,2,4,38,F,0.0,3
2076,299,3,4,59,C,3.0,3
2077,300,4,1,61,B,4.0,3
2078,300,5,1,68,B,4.0,3
2079,300,4,2,54,C,3.0,3
2080,300,5,2,79,A,5.0,3
2081,300,4,3,75,A,5.0,3
2082,300,5,3,49,D,2.0,3
2083,300,4,4,49,D,2.0,3
2084,300,5,4,56,C,3.0,3
2085,301,1,1,62,B,4.0,3
2086,301,2,1,65,B,4.0,3
2087,301,3,1,38,F,0.0,3
2088,301,1,2,67,B,4.0,3
2089,301,2,2,62,B,4.0,3
2090,301,3,2,76,A,5.0,3
2091,301,1,3,38,F,0.0,3
2092,301,2,3,54,C,3.0,3
2093,301,3,3,42,E,1.0,3
2094,301,1,4,52,C,3.0,3
2095,301,2,4,58,C,3.0,3
2096,301,3,4,52,C,3.0,3
2097,302,7,1,95,A,5.0,3
2098,302,7,2,57,C,3.0,3
2099,302,7,3,80,A,5.0,3
2100,302,7,4,61,B,4.0,3
2101,303,4,1,50,C,3.0,3
2102,303,5,1,55,C,3.0,3
2103,303,4,2,92,A,5.0,3
2104,303,5,2,38,F,0.0,3
2105,303,4,3,46,D,2.0,3
2106,303,5,3,37,F,0.0,3
2107,303,4,4,35,F,0.0,3
2108,303,5,4,38,F,0.0,3
2109,304,6,1,77,A,5.0,3
2110,304,6,2,82,A,5.0,3
2111,304,6,3,55,C,3.0,3
2112,304,6,4,48,D,2.0,3
2113,305,4,1,53,C,3.0,3
2114,305,5,1,65,B,4.0,3
2115,305,4,2,52,C,3.0,3
2116,305,5,2,93,A,5.0,3
2117,305,4,3,73,A,5.0,3
2118,305,5,3,41,E,1.0,3
2119,305,4,4,62,B,4.0,3
2120,305,5,4,46,D,2.0,3
2121,306,6,1,51,C,3.0,3
2122,306,6,2,95,A,5.0,3
2123,306,6,3,66,B,4.0,3
2124,306,6,4,58,C,3.0,3
2125,307,6,1,56,C,3.0,3
2126,307,6,2,54,C,3.0,3
2127,307,6,3,42,E,1.0,3
2128,307,6,4,41,E,1.0,3
2129,308,6,1,77,A,5.0,3
2130,308,6,2,35,F,0.0,3
2131,308,6,3,78,A,5.0,3
2132,308,6,4,70,A,5.0,3
2133,309,1,1,84,A,5.0,3
2134,309,2,1,90,A,5.0,3
2135,309,3,1,43,E,1.0,3
2136,309,1,2,56,C,3.0,3
2137,309,2,2,58,C,3.0,3
2138,309,3,2,82,A,5.0,3
2139,309,1,3,86,A,5.0,3
2140,309,2,3,58,C,3.0,3
2141,309,3,3,82,A,5.0,3
2142,309,1,4,84,A,5.0,3
2143,309,2,4,72,A,5.0,3
2144,309,3,4,68,B,4.0,3
2145,310,7,1,73,A,5.0,3
2146,310,7,2,58,C,3.0,3
2147,310,7,3,50,C,3.0,3
2148,310,7,4,76,A,5.0,3
2149,311,1,1,52,C,3.0,3
2150,311,2,1,48,D,2.0,3
2151,311,3,1,72,A,5.0,3
2152,311,1,2,59,C,3.0,3
2153,311,2,2,40,E,1.0,3
2154,311,3,2,91,A,5.0,3
2155,311,1,3,41,E,1.0,3
2156,311,2,3,43,E,1.0,3
2157,311,3,3,75,A,5.0,3
2158,311,1,4,82,A,5.0,3
2159,311,2,4,73,A,5.0,3
2160,311,3,4,42,E,1.0,3
2161,312,6,1,37,F,0.0,3
2162,312,6,2,72,A,5.0,3
2163,312,6,3,93,A,5.0,3
2164,312,6,4,91,A,5.0,3
2165,313,1,1,76,A,5.0,3
2166,313,2,1,87,A,5.0,3
2167,313,3,1,47,D,2.0,3
2168,313,1,2,47,D,2.0,3
2169,313,2,2,80,A,5.0,3
2170,313,3,2,63,B,4.0,3
2171,313,1,3,94,A,5.0,3
2172,313,2,3,41,E,1.0,3
2173,313,3,3,39,F,0.0,3
2174,313,1,4,95,A,5.0,3
2175,313,2,4,69,B,4.0,3
2176,313,3,4,74,A,5.0,3
2177,314,4,1,56,C,3.0,3
2178,314,5,1,54,C,3.0,3
2179,314,4,2,81,A,5.0,3
2180,314,5,2,65,B,4.0,3
2181,314,4,3,83,A,5.0,3
2182,314,5,3,47,D,2.0,3
2183,314,4,4,69,B,4.0,3
2184,314,5,4,81,A,5.0,3
2185,315,6,1,44,E,1.0,3
2186,315,6,2,37,F,0.0,3
2187,315,6,3,43,E,1.0,3
2188,315,6,4,47,D,2.0,3
2189,316,6,1,61,B,4.0,3
2190,316,6,2,70,A,5.0,3
2191,316,6,3,80,A,5.0,3
2192,316,6,4,51,C,3.0,3
2193,317,1,1,92,A,5.0,3
2194,317,2,1,91,A,5.0,3
2195,317,3,1,83,A,5.0,3
2196,317,1,2,89,A,5.0,3
2197,317,2,2,89,A,5.0,3
2198,317,3,2,93,A,5.0,3
2199,317,1,3,70,A,5.0,3
2200,317,2,3,57,C,3.0,3
2201,317,3,3,92,A,5.0,3
2202,317,1,4,58,C,3.0,3
2203,317,2,4,63,B,4.0,3
2204,317,3,4,75,A,5.0,3
2205,318,6,1,80,A,5.0,3
2206,318,6,2,42,E,1.0,3
2207,318,6,3,93,A,5.0,3
2208,318,6,4,62,B,4.0,3
2209,319,7,1,39,F,0.0,3
2210,319,7,2,65,B,4.0,3
2211,319,7,3,61,B,4.0,3
2212,319,7,4,68,B,4.0,3
2213,320,1,1,94,A,5.0,3
2214,320,2,1,95,A,5.0,3
2215,320,3,1,67,B,4.0,3
2216,320,1,2,85,A,5.0,3
2217,320,2,2,36,F,0.0,3
2218,320,3,2,45,D,2.0,3
2219,320,1,3,73,A,5.0,3
2220,320,2,3,52,C,3.0,3
2221,320,3,3,79,A,5.0,3
2222,320,1,4,43,E,1.0,3
2223,320,2,4,53,C,3.0,3
2224,320,3,4,37,F,0.0,3
2225,321,4,1,71,A,5.0,3
2226,321,5,1,38,F,0.0,3
2227,321,4,2,85,A,5.0,3
2228,321,5,2,79,A,5.0,3
2229,321,4,3,47,D,2.0,3
2230,321,5,3,82,A,5.0,3
2231,321,4,4,87,A,5.0,3
2232,321,5,4,60,B,4.0,3
2233,322,4,1,66,B,4.0,3
2234,322,5,1,78,A,5.0,3
2235,322,4,2,69,B,4.0,3
2236,322,5,2,90,A,5.0,3
2237,322,4,3,67,B,4.0,3
2238,322,5,3,39,F,0.0,3
2239,322,4,4,45,D,2.0,3
2240,322,5,4,63,B,4.0,3
2241,323,7,1,83,A,5.0,3
2242,323,7,2,67,B,4.0,3
2243,323,7,3,59,C,3.0,3
2244,323,7,4,70,A,5.0,3
2245,324,1,1,84,A,5.0,3
2246,324,2,1,59,C,3.0,3
2247,324,3,1,60,B,4.0,3
2248,324,1,2,73,A,5.0,3
2249,324,2,2,52,C,3.0,3
2250,324,3,2,48,D,2.0,3
2251,324,1,3,46,D,2.0,3
2252,324,2,3,35,F,0.0,3
2253,324,3,3,45,D,2.0,3
2254,324,1,4,71,A,5.0,3
2255,324,2,4,48,D,2.0,3
2256,324,3,4,72,A,5.0,3
2257,325,6,1,79,A,5.0,3
2258,325,6,2,35,F,0.0,3
2259,325,6,3,91,A,5.0,3
2260,325,6,4,94,A,5.0,3
2261,326,4,1,85,A,5.0,3
2262,326,5,1,67,B,4.0,3
2263,326,4,2,64,B,4.0,3
2264,326,5,2,67,B,4.0,3
2265,326,4,3,80,A,5.0,3
2266,326,5,3,81,A,5.0,3
2267,326,4,4,68,B,4.0,3
2268,326,5,4,51,C,3.0,3
2269,327,4,1,54,C,3.0,3
2270,327,5,1,89,A,5.0,3
2271,327,4,2,49,D,2.0,3
2272,327,5,2,53,C,3.0,3
2273,327,4,3,80,A,5.0,3
2274,327,5,3,52,C,3.0,3
2275,327,4,4,70,A,5.0,3
2276,327,5,4,42,E,1.0,3
2277,328,7,1,45,D,2.0,3
2278,328,7,2,49,D,2.0,3
2279,328,7,3,37,F,0.0,3
2280,328,7,4,69,B,4.0,3
2281,329,7,1,50,C,3.0,3
2282,329,7,2,53,C,3.0,3
2283,329,7,3,37,F,0.0,3
2284,329,7,4,75,A,5.0,3
2285,330,6,1,44,E,1.0,3
2286,330,6,2,95,A,5.0,3
2287,330,6,3,91,A,5.0,3
2288,330,6,4,52,C,3.0,3
2289,331,6,1,94,A,5.0,3
2290,331,6,2,43,E,1.0,3
2291,331,6,3,52,C,3.0,3
2292,331,6,4,90,A,5.0,3
2293,332,6,1,85,A,5.0,3
2294,332,6,2,38,F,0.0,3
2295,332,6,3,76,A,5.0,3
2296,332,6,4,50,C,3.0,3
2297,333,1,1,87,A,5.0,3
2298,333,2,1,48,D,2.0,3
2299,333,3,1,69,B,4.0,3
2300,333,1,2,42,E,1.0,3
2301,333,2,2,35,F,0.0,3
2302,333,3,2,76,A,5.0,3
2303,333,1,3,57,C,3.0,3
2304,333,2,3,75,A,5.0,3
2305,333,3,3,73,A,5.0,3
2306,333,1,4,58,C,3.0,3
2307,333,2,4,55,C,3.0,3
2308,333,3,4,40,E,1.0,3
2309,334,4,1,95,A,5.0,3
2310,334,5,1,80,A,5.0,3
2311,334,4,2,91,A,5.0,3
2312,334,5,2,70,A,5.0,3
2313,334,4,3,51,C,3.0,3
2314,334,5,3,81,A,5.0,3
2315,334,4,4,43,E,1.0,3
2316,334,5,4,61,B,4.0,3
2317,335,6,1,92,A,5.0,3
2318,335,6,2,74,A,5.0,3
2319,335,6,3,53,C,3.0,3
2320,335,6,4,55,C,3.0,3
2321,336,7,1,38,F,0.0,3
2322,336,7,2,75,A,5.0,3
2323,336,7,3,87,A,5.0,3
2324,336,7,4,35,F,0.0,3
2325,337,4,1,87,A,5.0,3
2326,337,5,1,57,C,3.0,3
2327,337,4,2,49,D,2.0,3
2328,337,5,2,81,A,5.0,3
2329,337,4,3,52,C,3.0,3
2330,337,5,3,46,D,2.0,3
2331,337,4,4,51,C,3.0,3
2332,337,5,4,36,F,0.0,3
2333,338,7,1,69,B,4.0,3
2334,338,7,2,77,A,5.0,3
2335,338,7,3,90,A,5.0,3
2336,338,7,4,84,A,5.0,3
2337,339,7,1,95,A,5.0,3
2338,339,7,2,84,A,5.0,3
2339,339,7,3,72,A,5.0,3
2340,339,7,4,41,E,1.0,3
2341,340,7,1,81,A,5.0,3
2342,340,7,2,82,A,5.0,3
2343,340,7,3,79,A,5.0,3
2344,340,7,4,59,C,3.0,3
2345,341,4,1,95,A,5.0,3
2346,341,5,1,76,A,5.0,3
2347,341,4,2,51,C,3.0,3
2348,341,5,2,90,A,5.0,3
2349,341,4,3,75,A,5.0,3
2350,341,5,3,75,A,5.0,3
2351,341,4,4,73,A,5.0,3
2352,341,5,4,70,A,5.0,3
2353,342,1,1,48,D,2.0,3
2354,342,2,1,87,A,5.0,3
2355,342,3,1,63,B,4.0,3
2356,342,1,2,49,D,2.0,3
2357,342,2,2,55,C,3.0,3
2358,342,3,2,52,C,3.0,3
2359,342,1,3,48,D,2.0,3
2360,342,2,3,72,A,5.0,3
2361,342,3,3,75,A,5.0,3
2362,342,1,4,86,A,5.0,3
2363,342,2,4,89,A,5.0,3
2364,342,3,4,83,A,5.0,3
2365,343,6,1,60,B,4.0,3
2366,343,6,2,44,E,1.0,3
2367,343,6,3,63,B,4.0,3
2368,343,6,4,49,D,2.0,3
2369,344,1,1,81,A,5.0,3
2370,344,2,1,81,A,5.0,3
2371,344,3,1,62,B,4.0,3
2372,344,1,2,58,C,3.0,3
2373,344,2,2,44,E,1.0,3
2374,344,3,2,92,A,5.0,3
2375,344,1,3,65,B,4.0,3
2376,344,2,3,40,E,1.0,3
2377,344,3,3,66,B,4.0,3
2378,344,1,4,46,D,2.0,3
2379,344,2,4,64,B,4.0,3
2380,344,3,4,46,D,2.0,3
2381,345,4,1,87,A,5.0,3
2382,345,5,1,90,A,5.0,3
2383,345,4,2,46,D,2.0,3
2384,345,5,2,47,D,2.0,3
2385,345,4,3,71,A,5.0,3
2386,345,5,3,66,B,4.0,3
2387,345,4,4,95,A,5.0,3
2388,345,5,4,81,A,5.0,3
2389,346,1,1,46,D,2.0,3
2390,346,2,1,76,A,5.0,3
2391,346,3,1,53,C,3.0,3
2392,346,1,2,36,F,0.0,3
2393,346,2,2,54,C,3.0,3
2394,346,3,2,45,D,2.0,3
2395,346,1,3,91,A,5.0,3
2396,346,2,3,46,D,2.0,3
2397,346,3,3,87,A,5.0,3
2398,346,1,4,60,B,4.0,3
2399,346,2,4,78,A,5.0,3
2400,346,3,4,73,A,5.0,3
2401,347,4,1,47,D,2.0,3
2402,347,5,1,39,F,0.0,3
2403,347,4,2,44,E,1.0,3
2404,347,5,2,39,F,0.0,3
2405,347,4,3,62,B,4.0,3
2406,347,5,3,50,C,3.0,3
2407,347,4,4,64,B,4.0,3
2408,347,5,4,93,A,5.0,3
2409,348,7,1,76,A,5.0,3
2410,348,7,2,60,B,4.0,3
2411,348,7,3,41,E,1.0,3
2412,348,7,4,81,A,5.0,3
2413,349,7,1,68,B,4.0,3
2414,349,7,2,43,E,1.0,3
2415,349,7,3,81,A,5.0,3
2416,349,7,4,83,A,5.0,3
2417,350,1,1,86,A,5.0,3
2418,350,2,1,35,F,0.0,3
2419,350,3,1,73,A,5.0,3
2420,350,1,2,41,E,1.0,3
2421,350,2,2,59,C,3.0,3
2422,350,3,2,59,C,3.0,3
2423,350,1,3,36,F,0.0,3
2424,350,2,3,42,E,1.0,3
2425,350,3,3,87,A,5.0,3
2426,350,1,4,35,F,0.0,3
2427,350,2,4,83,A,5.0,3
2428,350,3,4,88,A,5.0,3
2429,351,7,1,76,A,5.0,3
2430,351,7,2,94,A,5.0,3
2431,351,7,3,37,F,0.0,3
2432,351,7,4,43,E,1.0,3
2433,352,1,1,50,C,3.0,3
2434,352,2,1,84,A,5.0,3
2435,352,3,1,40,E,1.0,3
2436,352,1,2,52,C,3.0,3
2437,352,2,2,44,E,1.0,3
2438,352,3,2,95,A,5.0,3
2439,352,1,3,75,A,5.0,3
2440,352,2,3,73,A,5.0,3
2441,352,3,3,35,F,0.0,3
2442,352,1,4,85,A,5.0,3
2443,352,2,4,35,F,0.0,3
2444,352,3,4,85,A,5.0,3
2445,353,6,1,41,E,1.0,3
2446,353,6,2,69,B,4.0,3
2447,353,6,3,82,A,5.0,3
2448,353,6,4,87,A,5.0,3
2449,354,1,1,56,C,3.0,3
2450,354,2,1,89,A,5.0,3
2451,354,3,1,80,A,5.0,3
2452,354,1,2,40,E,1.0,3
2453,354,2,2,47,D,2.0,3
2454,354,3,2,43,E,1.0,3
2455,354,1,3,65,B,4.0,3
2456,354,2,3,83,A,5.0,3
2457,354,3,3,71,A,5.0,3
2458,354,1,4,92,A,5.0,3
2459,354,2,4,63,B,4.0,3
2460,354,3,4,87,A,5.0,3
2461,355,4,1,45,D,2.0,3
2462,355,5,1,54,C,3.0,3
2463,355,4,2,56,C,3.0,3
2464,355,5,2,65,B,4.0,3
2465,355,4,3,44,E,1.0,3
2466,355,5,3,50,C,3.0,3
2467,355,4,4,38,F,0.0,3
2468,355,5,4,69,B,4.0,3
2469,356,4,1,79,A,5.0,3
2470,356,5,1,52,C,3.0,3
2471,356,4,2,75,A,5.0,3
2472,356,5,2,69,B,4.0,3
2473,356,4,3,42,E,1.0,3
2474,356,5,3,36,F,0.0,3
2475,356,4,4,87,A,5.0,3
2476,356,5,4,37,F,0.0,3
2477,357,7,1,41,E,1.0,3
2478,357,7,2,69,B,4.0,3
2479,357,7,3,53,C,3.0,3
2480,357,7,4,41,E,1.0,3
2481,358,4,1,67,B,4.0,3
2482,358,5,1,91,A,5.0,3
2483,358,4,2,88,A,5.0,3
2484,358,5,2,61,B,4.0,3
2485,358,4,3,44,E,1.0,3
2486,358,5,3,35,F,0.0,3
2487,358,4,4,93,A,5.0,3
2488,358,5,4,49,D,2.0,3
2489,359,1,1,36,F,0.0,3
2490,359,2,1,49,D,2.0,3
2491,359,3,1,62,B,4.0,3
2492,359,1,2,59,C,3.0,3
2493,359,2,2,44,E,1.0,3
2494,359,3,2,57,C,3.0,3
2495,359,1,3,76,A,5.0,3
2496,359,2,3,53,C,3.0,3
2497,359,3,3,49,D,2.0,3
2498,359,1,4,93,A,5.0,3
2499,359,2,4,91,A,5.0,3
2500,359,3,4,78,A,5.0,3
2501,360,4,1,59,C,3.0,3
2502,360,5,1,78,A,5.0,3
2503,360,4,2,91,A,5.0,3
2504,360,5,2,80,A,5.0,3
2505,360,4,3,87,A,5.0,3
2506,360,5,3,92,A,5.0,3
2507,360,4,4,42,E,1.0,3
2508,360,5,4,66,B,4.0,3
2509,361,4,1,45,D,2.0,3
2510,361,5,1,42,E,1.0,3
2511,361,4,2,49,D,2.0,3
2512,361,5,2,41,E,1.0,3
2513,361,4,3,53,C,3.0,3
2514,361,5,3,57,C,3.0,3
2515,361,4,4,39,F,0.0,3
2516,361,5,4,74,A,5.0,3
2517,362,1,1,56,C,3.0,3
2518,362,2,1,42,E,1.0,3
2519,362,3,1,58,C,3.0,3
2520,362,1,2,94,A,5.0,3
2521,362,2,2,94,A,5.0,3
2522,362,3,2,93,A,5.0,3
2523,362,1,3,40,E,1.0,3
2524,362,2,3,92,A,5.0,3
2525,362,3,3,37,F,0.0,3
2526,362,1,4,73,A,5.0,3
2527,362,2,4,44,E,1.0,3
2528,362,3,4,46,D,2.0,3
2529,363,7,1,62,B,4.0,3
2530,363,7,2,68,B,4.0,3
2531,363,7,3,56,C,3.0,3
2532,363,7,4,73,A,5.0,3
2533,364,4,1,46,D,2.0,3
2534,364,5,1,78,A,5.0,3
2535,364,4,2,62,B,4.0,3
2536,364,5,2,44,E,1.0,3
2537,364,4,3,92,A,5.0,3
2538,364,5,3,77,A,5.0,3
2539,364,4,4,78,A,5.0,3
2540,364,5,4,54,C,3.0,3
2541,365,6,1,74,A,5.0,3
2542,365,6,2,87,A,5.0,3
2543,365,6,3,53,C,3.0,3
2544,365,6,4,57,C,3.0,3
2545,366,6,1,91,A,5.0,3
2546,366,6,2,41,E,1.0,3
2547,366,6,3,52,C,3.0,3
2548,366,6,4,93,A,5.0,3
2549,367,1,1,66,B,4.0,3
2550,367,2,1,77,A,5.0,3
2551,367,3,1,58,C,3.0,3
2552,367,1,2,94,A,5.0,3
2553,367,2,2,51,C,3.0,3
2554,367,3,2,86,A,5.0,3
2555,367,1,3,93,A,5.0,3
2556,367,2,3,80,A,5.0,3
2557,367,3,3,86,A,5.0,3
2558,367,1,4,39,F,0.0,3
2559,367,2,4,85,A,5.0,3
2560,367,3,4,35,F,0.0,3
2561,368,6,1,90,A,5.0,3
2562,368,6,2,94,A,5.0,3
2563,368,6,3,44,E,1.0,3
2564,368,6,4,84,A,5.0,3
2565,369,4,1,76,A,5.0,3
2566,369,5,1,44,E,1.0,3
2567,369,4,2,55,C,3.0,3
2568,369,5,2,44,E,1.0,3
2569,369,4,3,59,C,3.0,3
2570,369,5,3,63,B,4.0,3
2571,369,4,4,81,A,5.0,3
2572,369,5,4,85,A,5.0,3
2573,370,1,1,85,A,5.0,3
2574,370,2,1,65,B,4.0,3
2575,370,3,1,87,A,5.0,3
2576,370,1,2,39,F,0.0,3
2577,370,2,2,42,E,1.0,3
2578,370,3,2,71,A,5.0,3
2579,370,1,3,62,B,4.0,3
2580,370,2,3,81,A,5.0,3
2581,370,3,3,52,C,3.0,3
2582,370,1,4,44,E,1.0,3
2583,370,2,4,40,E,1.0,3
2584,370,3,4,55,C,3.0,3
2585,371,1,1,43,E,1.0,3
2586,371,2,1,46,D,2.0,3
2587,371,3,1,84,A,5.0,3
2588,371,1,2,59,C,3.0,3
2589,371,2,2,57,C,3.0,3
2590,371,3,2,55,C,3.0,3
2591,371,1,3,66,B,4.0,3
2592,371,2,3,62,B,4.0,3
2593,371,3,3,65,B,4.0,3
2594,371,1,4,79,A,5.0,3
2595,371,2,4,61,B,4.0,3
2596,371,3,4,73,A,5.0,3
2597,372,7,1,85,A,5.0,3
2598,372,7,2,75,A,5.0,3
2599,372,7,3,56,C,3.0,3
2600,372,7,4,43,E,1.0,3
2601,373,7,1,86,A,5.0,3
2602,373,7,2,95,A,5.0,3
2603,373,7,3,76,A,5.0,3
2604,373,7,4,93,A,5.0,3
2605,374,1,1,50,C,3.0,3
2606,374,2,1,59,C,3.0,3
2607,374,3,1,61,B,4.0,3
2608,374,1,2,70,A,5.0,3
2609,374,2,2,66,B,4.0,3
2610,374,3,2,69,B,4.0,3
2611,374,1,3,69,B,4.0,3
2612,374,2,3,66,B,4.0,3
2613,374,3,3,69,B,4.0,3
2614,374,1,4,69,B,4.0,3
2615,374,2,4,87,A,5.0,3
2616,374,3,4,49,D,2.0,3
2617,375,6,1,59,C,3.0,3
2618,375,6,2,40,E,1.0,3
2619,375,6,3,72,A,5.0,3
2620,375,6,4,80,A,5.0,3
2621,376,4,1,61,B,4.0,3
2622,376,5,1,68,B,4.0,3
2623,376,4,2,71,A,5.0,3
2624,376,5,2,84,A,5.0,3
2625,376,4,3,79,A,5.0,3
2626,376,5,3,86,A,5.0,3
2627,376,4,4,82,A,5.0,3
2628,376,5,4,49,D,2.0,3
2629,377,4,1,79,A,5.0,3
2630,377,5,1,40,E,1.0,3
2631,377,4,2,50,C,3.0,3
2632,377,5,2,58,C,3.0,3
2633,377,4,3,35,F,0.0,3
2634,377,5,3,48,D,2.0,3
2635,377,4,4,89,A,5.0,3
2636,377,5,4,36,F,0.0,3
2637,378,1,1,58,C,3.0,3
2638,378,2,1,70,A,5.0,3
2639,378,3,1,65,B,4.0,3
2640,378,1,2,43,E,1.0,3
2641,378,2,2,93,A,5.0,3
2642,378,3,2,42,E,1.0,3
2643,378,1,3,38,F,0.0,3
2644,378,2,3,93,A,5.0,3
2645,378,3,3,57,C,3.0,3
2646,378,1,4,58,C,3.0,3
2647,378,2,4,89,A,5.0,3
2648,378,3,4,89,A,5.0,3
2649,379,1,1,90,A,5.0,3
2650,379,2,1,84,A,5.0,3
2651,379,3,1,87,A,5.0,3
2652,379,1,2,43,E,1.0,3
2653,379,2,2,53,C,3.0,3
2654,379,3,2,64,B,4.0,3
2655,379,1,3,44,E,1.0,3
2656,379,2,3,88,A,5.0,3
2657,379,3,3,89,A,5.0,3
2658,379,1,4,70,A,5.0,3
2659,379,2,4,94,A,5.0,3
2660,379,3,4,93,A,5.0,3
2661,380,1,1,61,B,4.0,3
2662,380,2,1,50,C,3.0,3
2663,380,3,1,48,D,2.0,3
2664,380,1,2,87,A,5.0,3
2665,380,2,2,49,D,2.0,3
2666,380,3,2,38,F,0.0,3
2667,380,1,3,82,A,5.0,3
2668,380,2,3,43,E,1.0,3
2669,380,3,3,42,E,1.0,3
2670,380,1,4,79,A,5.0,3
2671,380,2,4,80,A,5.0,3
2672,380,3,4,44,E,1.0,3
2673,381,4,1,59,C,3.0,3
2674,381,5,1,81,A,5.0,3
2675,381,4,2,36,F,0.0,3
2676,381,5,2,79,A,5.0,3
2677,381,4,3,62,B,4.0,3
2678,381,5,3,58,C,3.0,3
2679,381,4,4,38,F,0.0,3
2680,381,5,4,79,A,5.0,3
2681,382,1,1,41,E,1.0,3
2682,382,2,1,77,A,5.0,3
2683,382,3,1,72,A,5.0,3
2684,382,1,2,39,F,0.0,3
2685,382,2,2,65,B,4.0,3
2686,382,3,2,88,A,5.0,3
2687,382,1,3,73,A,5.0,3
2688,382,2,3,90,A,5.0,3
2689,382,3,3,45,D,2.0,3
2690,382,1,4,36,F,0.0,3
2691,382,2,4,44,E,1.0,3
2692,382,3,4,58,C,3.0,3
2693,383,1,1,44,E,1.0,3
2694,383,2,1,40,E,1.0,3
2695,383,3,1,50,C,3.0,3
2696,383,1,2,39,F,0.0,3
2697,383,2,2,35,F,0.0,3
2698,383,3,2,71,A,5.0,3
2699,383,1,3,88,A,5.0,3
2700,383,2,3,87,A,5.0,3
2701,383,3,3,61,B,4.0,3
2702,383,1,4,44,E,1.0,3
2703,383,2,4,83,A,5.0,3
2704,383,3,4,46,D,2.0,3
2705,384,7,1,65,B,4.0,3
2706,384,7,2,82,A,5.0,3
2707,384,7,3,43,E,1.0,3
2708,384,7,4,82,A,5.0,3
2709,385,7,1,68,B,4.0,3
2710,385,7,2,79,A,5.0,3
2711,385,7,3,95,A,5.0,3
2712,385,7,4,54,C,3.0,3
2713,386,7,1,65,B,4.0,3
2714,386,7,2,61,B,4.0,3
2715,386,7,3,81,A,5.0,3
2716,386,7,4,56,C,3.0,3
2717,387,1,1,63,B,4.0,3
2718,387,2,1,85,A,5.0,3
2719,387,3,1,76,A,5.0,3
2720,387,1,2,79,A,5.0,3
2721,387,2,2,35,F,0.0,3
2722,387,3,2,53,C,3.0,3
2723,387,1,3,42,E,1.0,3
2724,387,2,3,44,E,1.0,3
2725,387,3,3,38,F,0.0,3
2726,387,1,4,91,A,5.0,3
2727,387,2,4,76,A,5.0,3
2728,387,3,4,37,F,0.0,3
2729,388,6,1,73,A,5.0,3
2730,388,6,2,83,A,5.0,3
2731,388,6,3,46,D,2.0,3
2732,388,6,4,67,B,4.0,3
2733,389,7,1,45,D,2.0,3
2734,389,7,2,35,F,0.0,3
2735,389,7,3,60,B,4.0,3
2736,389,7,4,88,A,5.0,3
2737,390,1,1,62,B,4.0,3
2738,390,2,1,78,A,5.0,3
2739,390,3,1,95,A,5.0,3
2740,390,1,2,91,A,5.0,3
2741,390,2,2,64,B,4.0,3
2742,390,3,2,70,A,5.0,3
2743,390,1,3,80,A,5.0,3
2744,390,2,3,88,A,5.0,3
2745,390,3,3,51,C,3.0,3
2746,390,1,4,93,A,5.0,3
2747,390,2,4,71,A,5.0,3
2748,390,3,4,67,B,4.0,3
2749,391,6,1,54,C,3.0,3
2750,391,6,2,80,A,5.0,3
2751,391,6,3,49,D,2.0,3
2752,391,6,4,62,B,4.0,3
2753,392,7,1,94,A,5.0,3
2754,392,7,2,45,D,2.0,3
2755,392,7,3,52,C,3.0,3
2756,392,7,4,40,E,1.0,3
2757,393,4,1,68,B,4.0,3
2758,393,5,1,59,C,3.0,3
2759,393,4,2,95,A,5.0,3
2760,393,5,2,43,E,1.0,3
2761,393,4,3,82,A,5.0,3
2762,393,5,3,48,D,2.0,3
2763,393,4,4,60,B,4.0,3
2764,393,5,4,74,A,5.0,3
2765,394,6,1,38,F,0.0,3
2766,394,6,2,49,D,2.0,3
2767,394,6,3,60,B,4.0,3
2768,394,6,4,46,D,2.0,3
2769,395,6,1,87,A,5.0,3
2770,395,6,2,82,A,5.0,3
2771,395,6,3,70,A,5.0,3
2772,395,6,4,73,A,5.0,3
2773,396,4,1,88,A,5.0,3
2774,396,5,1,39,F,0.0,3
2775,396,4,2,87,A,5.0,3
2776,396,5,2,79,A,5.0,3
2777,396,4,3,64,B,4.0,3
2778,396,5,3,65,B,4.0,3
2779,396,4,4,55,C,3.0,3
2780,396,5,4,76,A,5.0,3
2781,397,4,1,76,A,5.0,3
2782,397,5,1,60,B,4.0,3
2783,397,4,2,87,A,5.0,3
2784,397,5,2,59,C,3.0,3
2785,397,4,3,45,D,2.0,3
2786,397,5,3,38,F,0.0,3
2787,397,4,4,86,A,5.0,3
2788,397,5,4,58,C,3.0,3
2789,398,1,1,76,A,5.0,3
2790,398,2,1,62,B,4.0,3
2791,398,3,1,47,D,2.0,3
2792,398,1,2,52,C,3.0,3
2793,398,2,2,41,E,1.0,3
2794,398,3,2,41,E,1.0,3
2795,398,1,3,39,F,0.0,3
2796,398,2,3,58,C,3.0,3
2797,398,3,3,73,A,5.0,3
2798,398,1,4,84,A,5.0,3
2799,398,2,4,89,A,5.0,3
2800,398,3,4,56,C,3.0,3
2801,399,4,1,36,F,0.0,3
2802,399,5,1,50,C,3.0,3
2803,399,4,2,53,C,3.0,3
2804,399,5,2,45,D,2.0,3
2805,399,4,3,69,B,4.0,3
2806,399,5,3,41,E,1.0,3
2807,399,4,4,39,F,0.0,3
2808,399,5,4,48,D,2.0,3
2809,400,7,1,73,A,5.0,3
2810,400,7,2,35,F,0.0,3
2811,400,7,3,83,A,5.0,3
2812,400,7,4,93,A,5.0,3
2813,401,1,1,54,C,3.0,3
2814,401,2,1,47,D,2.0,3
2815,401,3,1,70,A,5.0,3
2816,401,1,2,47,D,2.0,3
2817,401,2,2,75,A,5.0,3
2818,401,3,2,94,A,5.0,3
2819,401,1,3,37,F,0.0,3
2820,401,2,3,50,C,3.0,3
2821,401,3,3,52,C,3.0,3
2822,401,1,4,40,E,1.0,3
2823,401,2,4,71,A,5.0,3
2824,401,3,4,71,A,5.0,3
2825,402,7,1,37,F,0.0,3
2826,402,7,2,71,A,5.0,3
2827,402,7,3,85,A,5.0,3
2828,402,7,4,65,B,4.0,3
2829,403,4,1,37,F,0.0,3
2830,403,5,1,38,F,0.0,3
2831,403,4,2,55,C,3.0,3
2832,403,5,2,40,E,1.0,3
2833,403,4,3,95,A,5.0,3
2834,403,5,3,54,C,3.0,3
2835,403,4,4,35,F,0.0,3
2836,403,5,4,57,C,3.0,3
2837,404,1,1,83,A,5.0,3
2838,404,2,1,53,C,3.0,3
2839,404,3,1,60,B,4.0,3
2840,404,1,2,67,B,4.0,3
2841,404,2,2,47,D,2.0,3
2842,404,3,2,55,C,3.0,3
2843,404,1,3,83,A,5.0,3
2844,404,2,3,60,B,4.0,3
2845,404,3,3,81,A,5.0,3
2846,404,1,4,57,C,3.0,3
2847,404,2,4,43,E,1.0,3
2848,404,3,4,79,A,5.0,3
2849,405,7,1,78,A,5.0,3
2850,405,7,2,41,E,1.0,3
2851,405,7,3,56,C,3.0,3
2852,405,7,4,61,B,4.0,3
2853,406,1,1,92,A,5.0,3
2854,406,2,1,82,A,5.0,3
2855,406,3,1,67,B,4.0,3
2856,406,1,2,41,E,1.0,3
2857,406,2,2,67,B,4.0,3
2858,406,3,2,86,A,5.0,3
2859,406,1,3,84,A,5.0,3
2860,406,2,3,44,E,1.0,3
2861,406,3,3,36,F,0.0,3
2862,406,1,4,72,A,5.0,3
2863,406,2,4,85,A,5.0,3
2864,406,3,4,59,C,3.0,3
2865,407,6,1,65,B,4.0,3
2866,407,6,2,72,A,5.0,3
2867,407,6,3,90,A,5.0,3
2868,407,6,4,89,A,5.0,3
2869,408,1,1,37,F,0.0,3
2870,408,2,1,53,C,3.0,3
2871,408,3,1,45,D,2.0,3
2872,408,1,2,44,E,1.0,3
2873,408,2,2,78,A,5.0,3
2874,408,3,2,64,B,4.0,3
2875,408,1,3,40,E,1.0,3
2876,408,2,3,91,A,5.0,3
2877,408,3,3,75,A,5.0,3
2878,408,1,4,40,E,1.0,3
2879,408,2,4,95,A,5.0,3
2880,408,3,4,80,A,5.0,3
2881,409,1,1,49,D,2.0,3
2882,409,2,1,91,A,5.0,3
2883,409,3,1,48,D,2.0,3
2884,409,1,2,86,A,5.0,3
2885,409,2,2,78,A,5.0,3
2886,409,3,2,76,A,5.0,3
2887,409,1,3,44,E,1.0,3
2888,409,2,3,84,A,5.0,3
2889,409,3,3,80,A,5.0,3
2890,409,1,4,45,D,2.0,3
2891,409,2,4,67,B,4.0,3
2892,409,3,4,68,B,4.0,3
2893,410,7,1,81,A,5.0,3
2894,410,7,2,73,A,5.0,3
2895,410,7,3,76,A,5.0,3
2896,410,7,4,68,B,4.0,3
2897,411,6,1,94,A,5.0,3
2898,411,6,2,84,A,5.0,3
2899,411,6,3,56,C,3.0,3
2900,411,6,4,63,B,4.0,3
2901,412,7,1,85,A,5.0,3
2902,412,7,2,43,E,1.0,3
2903,412,7,3,56,C,3.0,3
2904,412,7,4,53,C,3.0,3
2905,413,6,1,58,C,3.0,3
2906,413,6,2,74,A,5.0,3
2907,413,6,3,89,A,5.0,3
2908,413,6,4,95,A,5.0,3
2909,414,7,1,62,B,4.0,3
2910,414,7,2,37,F,0.0,3
2911,414,7,3,92,A,5.0,3
2912,414,7,4,80,A,5.0,3
2913,415,1,1,84,A,5.0,3
2914,415,2,1,78,A,5.0,3
2915,415,3,1,59,C,3.0,3
2916,415,1,2,50,C,3.0,3
2917,415,2,2,48,D,2.0,3
2918,415,3,2,74,A,5.0,3
2919,415,1,3,73,A,5.0,3
2920,415,2,3,39,F,0.0,3
2921,415,3,3,44,E,1.0,3
2922,415,1,4,71,A,5.0,3
2923,415,2,4,75,A,5.0,3
2924,415,3,4,66,B,4.0,3
2925,416,1,1,41,E,1.0,3
2926,416,2,1,86,A,5.0,3
2927,416,3,1,35,F,0.0,3
2928,416,1,2,44,E,1.0,3
2929,416,2,2,84,A,5.0,3
2930,416,3,2,90,A,5.0,3
2931,416,1,3,54,C,3.0,3
2932,416,2,3,70,A,5.0,3
2933,416,3,3,90,A,5.0,3
2934,416,1,4,86,A,5.0,3
2935,416,2,4,85,A,5.0,3
2936,416,3,4,92,A,5.0,3
2937,417,1,1,40,E,1.0,3
2938,417,2,1,66,B,4.0,3
2939,417,3,1,41,E,1.0,3
2940,417,1,2,64,B,4.0,3
2941,417,2,2,55,C,3.0,3
2942,417,3,2,45,D,2.0,3
2943,417,1,3,94,A,5.0,3
2944,417,2,3,53,C,3.0,3
2945,417,3,3,45,D,2.0,3
2946,417,1,4,39,F,0.0,3
2947,417,2,4,52,C,3.0,3
2948,417,3,4,71,A,5.0,3
2949,418,1,1,58,C,3.0,3
2950,418,2,1,57,C,3.0,3
2951,418,3,1,40,E,1.0,3
2952,418,1,2,39,F,0.0,3
2953,418,2,2,46,D,2.0,3
2954,418,3,2,80,A,5.0,3
2955,418,1,3,84,A,5.0,3
2956,418,2,3,64,B,4.0,3
2957,418,3,3,51,C,3.0,3
2958,418,1,4,65,B,4.0,3
2959,418,2,4,51,C,3.0,3
2960,418,3,4,83,A,5.0,3
2961,419,1,1,91,A,5.0,3
2962,419,2,1,63,B,4.0,3
2963,419,3,1,76,A,5.0,3
2964,419,1,2,94,A,5.0,3
2965,419,2,2,43,E,1.0,3
2966,419,3,2,95,A,5.0,3
2967,419,1,3,42,E,1.0,3
2968,419,2,3,71,A,5.0,3
2969,419,3,3,66,B,4.0,3
2970,419,1,4,37,F,0.0,3
2971,419,2,4,58,C,3.0,3
2972,419,3,4,89,A,5.0,3
2973,420,7,1,53,C,3.0,3
2974,420,7,2,60,B,4.0,3
2975,420,7,3,61,B,4.0,3
2976,420,7,4,89,A,5.0,3
2977,421,7,1,74,A,5.0,3
2978,421,7,2,93,A,5.0,3
2979,421,7,3,78,A,5.0,3
2980,421,7,4,43,E,1.0,3
2981,422,6,1,63,B,4.0,3
2982,422,6,2,58,C,3.0,3
2983,422,6,3,67,B,4.0,3
2984,422,6,4,89,A,5.0,3
2985,423,4,1,74,A,5.0,3
2986,423,5,1,95,A,5.0,3
2987,423,4,2,55,C,3.0,3
2988,423,5,2,58,C,3.0,3
2989,423,4,3,40,E,1.0,3
2990,423,5,3,78,A,5.0,3
2991,423,4,4,61,B,4.0,3
2992,423,5,4,67,B,4.0,3
2993,424,4,1,63,B,4.0,3
2994,424,5,1,51,C,3.0,3
2995,424,4,2,91,A,5.0,3
2996,424,5,2,91,A,5.0,3
2997,424,4,3,78,A,5.0,3
2998,424,5,3,37,F,0.0,3
2999,424,4,4,74,A,5.0,3
3000,424,5,4,76,A,5.0,3
3001,425,4,1,38,F,0.0,3
3002,425,5,1,82,A,5.0,3
3003,425,4,2,85,A,5.0,3
3004,425,5,2,50,C,3.0,3
3005,425,4,3,79,A,5.0,3
3006,425,5,3,87,A,5.0,3
3007,425,4,4,70,A,5.0,3
3008,425,5,4,35,F,0.0,3
3009,426,4,1,44,E,1.0,3
3010,426,5,1,89,A,5.0,3
3011,426,4,2,41,E,1.0,3
3012,426,5,2,53,C,3.0,3
3013,426,4,3,59,C,3.0,3
3014,426,5,3,45,D,2.0,3
3015,426,4,4,71,A,5.0,3
3016,426,5,4,60,B,4.0,3
3017,427,4,1,89,A,5.0,3
3018,427,5,1,39,F,0.0,3
3019,427,4,2,49,D,2.0,3
3020,427,5,2,59,C,3.0,3
3021,427,4,3,90,A,5.0,3
3022,427,5,3,64,B,4.0,3
3023,427,4,4,77,A,5.0,3
3024,427,5,4,40,E,1.0,3
3025,428,4,1,57,C,3.0,3
3026,428,5,1,64,B,4.0,3
3027,428,4,2,64,B,4.0,3
3028,428,5,2,76,A,5.0,3
3029,428,4,3,69,B,4.0,3
3030,428,5,3,92,A,5.0,3
3031,428,4,4,87,A,5.0,3
3032,428,5,4,64,B,4.0,3
3033,429,4,1,41,E,1.0,3
3034,429,5,1,40,E,1.0,3
3035,429,4,2,46,D,2.0,3
3036,429,5,2,81,A,5.0,3
3037,429,4,3,41,E,1.0,3
3038,429,5,3,93,A,5.0,3
3039,429,4,4,94,A,5.0,3
3040,429,5,4,60,B,4.0,3
3041,430,4,1,84,A,5.0,3
3042,430,5,1,62,B,4.0,3
3043,430,4,2,47,D,2.0,3
3044,430,5,2,60,B,4.0,3
3045,430,4,3,56,C,3.0,3
3046,430,5,3,39,F,0.0,3
3047,430,4,4,55,C,3.0,3
3048,430,5,4,56,C,3.0,3
3049,431,1,1,73,A,5.0,3
3050,431,2,1,66,B,4.0,3
3051,431,3,1,48,D,2.0,3
3052,431,1,2,79,A,5.0,3
3053,431,2,2,82,A,5.0,3
3054,431,3,2,65,B,4.0,3
3055,431,1,3,42,E,1.0,3
3056,431,2,3,52,C,3.0,3
3057,431,3,3,64,B,4.0,3
3058,431,1,4,37,F,0.0,3
3059,431,2,4,69,B,4.0,3
3060,431,3,4,44,E,1.0,3
3061,432,7,1,95,A,5.0,3
3062,432,7,2,65,B,4.0,3
3063,432,7,3,44,E,1.0,3
3064,432,7,4,75,A,5.0,3
3065,433,7,1,48,D,2.0,3
3066,433,7,2,55,C,3.0,3
3067,433,7,3,71,A,5.0,3
3068,433,7,4,37,F,0.0,3
3069,434,6,1,73,A,5.0,3
3070,434,6,2,84,A,5.0,3
3071,434,6,3,59,C,3.0,3
3072,434,6,4,38,F,0.0,3
3073,435,6,1,94,A,5.0,3
3074,435,6,2,86,A,5.0,3
3075,435,6,3,58,C,3.0,3
3076,435,6,4,85,A,5.0,3
3077,436,7,1,62,B,4.0,3
3078,436,7,2,65,B,4.0,3
3079,436,7,3,48,D,2.0,3
3080,436,7,4,38,F,0.0,3
3081,437,7,1,48,D,2.0,3
3082,437,7,2,90,A,5.0,3
3083,437,7,3,36,F,0.0,3
3084,437,7,4,95,A,5.0,3
3085,438,6,1,83,A,5.0,3
3086,438,6,2,78,A,5.0,3
3087,438,6,3,62,B,4.0,3
3088,438,6,4,52,C,3.0,3
3089,439,4,1,51,C,3.0,3
3090,439,5,1,75,A,5.0,3
3091,439,4,2,46,D,2.0,3
3092,439,5,2,40,E,1.0,3
3093,439,4,3,44,E,1.0,3
3094,439,5,3,39,F,0.0,3
3095,439,4,4,52,C,3.0,3
3096,439,5,4,60,B,4.0,3
3097,440,4,1,40,E,1.0,3
3098,440,5,1,54,C,3.0,3
3099,440,4,2,90,A,5.0,3
3100,440,5,2,80,A,5.0,3
3101,440,4,3,63,B,4.0,3
3102,440,5,3,90,A,5.0,3
3103,440,4,4,61,B,4.0,3
3104,440,5,4,68,B,4.0,3
3105,441,1,1,48,D,2.0,3
3106,441,2,1,77,A,5.0,3
3107,441,3,1,92,A,5.0,3
3108,441,1,2,51,C,3.0,3
3109,441,2,2,46,D,2.0,3
3110,441,3,2,88,A,5.0,3
3111,441,1,3,38,F,0.0,3
3112,441,2,3,40,E,1.0,3
3113,441,3,3,92,A,5.0,3
3114,441,1,4,92,A,5.0,3
3115,441,2,4,62,B,4.0,3
3116,441,3,4,56,C,3.0,3
3117,442,6,1,83,A,5.0,3
3118,442,6,2,54,C,3.0,3
3119,442,6,3,45,D,2.0,3
3120,442,6,4,47,D,2.0,3
3121,443,4,1,57,C,3.0,3
3122,443,5,1,95,A,5.0,3
3123,443,4,2,61,B,4.0,3
3124,443,5,2,65,B,4.0,3
3125,443,4,3,65,B,4.0,3
3126,443,5,3,69,B,4.0,3
3127,443,4,4,79,A,5.0,3
3128,443,5,4,85,A,5.0,3
3129,444,1,1,45,D,2.0,3
3130,444,2,1,79,A,5.0,3
3131,444,3,1,62,B,4.0,3
3132,444,1,2,57,C,3.0,3
3133,444,2,2,93,A,5.0,3
3134,444,3,2,79,A,5.0,3
3135,444,1,3,71,A,5.0,3
3136,444,2,3,59,C,3.0,3
3137,444,3,3,87,A,5.0,3
3138,444,1,4,35,F,0.0,3
3139,444,2,4,70,A,5.0,3
3140,444,3,4,85,A,5.0,3
3141,445,1,1,92,A,5.0,3
3142,445,2,1,73,A,5.0,3
3143,445,3,1,47,D,2.0,3
3144,445,1,2,39,F,0.0,3
3145,445,2,2,81,A,5.0,3
3146,445,3,2,77,A,5.0,3
3147,445,1,3,72,A,5.0,3
3148,445,2,3,74,A,5.0,3
3149,445,3,3,44,E,1.0,3
3150,445,1,4,55,C,3.0,3
3151,445,2,4,77,A,5.0,3
3152,445,3,4,87,A,5.0,3
3153,446,1,1,95,A,5.0,3
3154,446,2,1,81,A,5.0,3
3155,446,3,1,82,A,5.0,3
3156,446,1,2,87,A,5.0,3
3157,446,2,2,82,A,5.0,3
3158,446,3,2,81,A,5.0,3
3159,446,1,3,55,C,3.0,3
3160,446,2,3,35,F,0.0,3
3161,446,3,3,44,E,1.0,3
3162,446,1,4,92,A,5.0,3
3163,446,2,4,64,B,4.0,3
3164,446,3,4,94,A,5.0,3
3165,447,1,1,44,E,1.0,3
3166,447,2,1,66,B,4.0,3
3167,447,3,1,90,A,5.0,3
3168,447,1,2,55,C,3.0,3
3169,447,2,2,42,E,1.0,3
3170,447,3,2,85,A,5.0,3
3171,447,1,3,78,A,5.0,3
3172,447,2,3,61,B,4.0,3
3173,447,3,3,51,C,3.0,3
3174,447,1,4,68,B,4.0,3
3175,447,2,4,81,A,5.0,3
3176,447,3,4,35,F,0.0,3
3177,448,6,1,63,B,4.0,3
3178,448,6,2,95,A,5.0,3
3179,448,6,3,88,A,5.0,3
3180,448,6,4,89,A,5.0,3
3181,449,4,1,43,E,1.0,3
3182,449,5,1,75,A,5.0,3
3183,449,4,2,63,B,4.0,3
3184,449,5,2,75,A,5.0,3
3185,449,4,3,72,A,5.0,3
3186,449,5,3,41,E,1.0,3
3187,449,4,4,37,F,0.0,3
3188,449,5,4,48,D,2.0,3
3189,450,4,1,82,A,5.0,3
3190,450,5,1,47,D,2.0,3
3191,450,4,2,61,B,4.0,3
3192,450,5,2,79,A,5.0,3
3193,450,4,3,69,B,4.0,3
3194,450,5,3,84,A,5.0,3
3195,450,4,4,45,D,2.0,3
3196,450,5,4,73,A,5.0,3
3197,451,6,1,59,C,3.0,3
3198,451,6,2,48,D,2.0,3
3199,451,6,3,57,C,3.0,3
3200,451,6,4,48,D,2.0,3
3201,452,1,1,95,A,5.0,3
3202,452,2,1,47,D,2.0,3
3203,452,3,1,78,A,5.0,3
3204,452,1,2,71,A,5.0,3
3205,452,2,2,35,F,0.0,3
3206,452,3,2,58,C,3.0,3
3207,452,1,3,87,A,5.0,3
3208,452,2,3,58,C,3.0,3
3209,452,3,3,36,F,0.0,3
3210,452,1,4,54,C,3.0,3
3211,452,2,4,92,A,5.0,3
3212,452,3,4,54,C,3.0,3
3213,453,6,1,67,B,4.0,3
3214,453,6,2,87,A,5.0,3
3215,453,6,3,90,A,5.0,3
3216,453,6,4,42,E,1.0,3
3217,454,4,1,79,A,5.0,3
3218,454,5,1,66,B,4.0,3
3219,454,4,2,76,A,5.0,3
3220,454,5,2,64,B,4.0,3
3221,454,4,3,61,B,4.0,3
3222,454,5,3,61,B,4.0,3
3223,454,4,4,57,C,3.0,3
3224,454,5,4,57,C,3.0,3
3225,455,4,1,88,A,5.0,3
3226,455,5,1,69,B,4.0,3
3227,455,4,2,62,B,4.0,3
3228,455,5,2,68,B,4.0,3
3229,455,4,3,83,A,5.0,3
3230,455,5,3,56,C,3.0,3
3231,455,4,4,42,E,1.0,3
3232,455,5,4,94,A,5.0,3
3233,456,4,1,46,D,2.0,3
3234,456,5,1,64,B,4.0,3
3235,456,4,2,62,B,4.0,3
3236,456,5,2,58,C,3.0,3
3237,456,4,3,46,D,2.0,3
3238,456,5,3,70,A,5.0,3
3239,456,4,4,73,A,5.0,3
3240,456,5,4,45,D,2.0,3
3241,457,1,1,69,B,4.0,3
3242,457,2,1,62,B,4.0,3
3243,457,3,1,59,C,3.0,3
3244,457,1,2,53,C,3.0,3
3245,457,2,2,89,A,5.0,3
3246,457,3,2,77,A,5.0,3
3247,457,1,3,79,A,5.0,3
3248,457,2,3,78,A,5.0,3
3249,457,3,3,62,B,4.0,3
3250,457,1,4,75,A,5.0,3
3251,457,2,4,53,C,3.0,3
3252,457,3,4,79,A,5.0,3
3253,458,6,1,74,A,5.0,3
3254,458,6,2,95,A,5.0,3
3255,458,6,3,94,A,5.0,3
3256,458,6,4,92,A,5.0,3
3257,459,4,1,89,A,5.0,3
3258,459,5,1,41,E,1.0,3
3259,459,4,2,40,E,1.0,3
3260,459,5,2,86,A,5.0,3
3261,459,4,3,88,A,5.0,3
3262,459,5,3,41,E,1.0,3
3263,459,4,4,40,E,1.0,3
3264,459,5,4,76,A,5.0,3
3265,460,1,1,36,F,0.0,3
3266,460,2,1,74,A,5.0,3
3267,460,3,1,94,A,5.0,3
3268,460,1,2,61,B,4.0,3
3269,460,2,2,41,E,1.0,3
3270,460,3,2,66,B,4.0,3
3271,460,1,3,82,A,5.0,3
3272,460,2,3,83,A,5.0,3
3273,460,3,3,74,A,5.0,3
3274,460,1,4,94,A,5.0,3
3275,460,2,4,69,B,4.0,3
3276,460,3,4,41,E,1.0,3
3277,461,6,1,75,A,5.0,3
3278,461,6,2,63,B,4.0,3
3279,461,6,3,67,B,4.0,3
3280,461,6,4,72,A,5.0,3
3281,462,1,1,86,A,5.0,3
3282,462,2,1,37,F,0.0,3
3283,462,3,1,77,A,5.0,3
3284,462,1,2,53,C,3.0,3
3285,462,2,2,89,A,5.0,3
3286,462,3,2,61,B,4.0,3
3287,462,1,3,48,D,2.0,3
3288,462,2,3,49,D,2.0,3
3289,462,3,3,84,A,5.0,3
3290,462,1,4,64,B,4.0,3
3291,462,2,4,70,A,5.0,3
3292,462,3,4,59,C,3.0,3
3293,463,4,1,42,E,1.0,3
3294,463,5,1,47,D,2.0,3
3295,463,4,2,89,A,5.0,3
3296,463,5,2,65,B,4.0,3
3297,463,4,3,95,A,5.0,3
3298,463,5,3,42,E,1.0,3
3299,463,4,4,57,C,3.0,3
3300,463,5,4,85,A,5.0,3
3301,464,4,1,93,A,5.0,3
3302,464,5,1,64,B,4.0,3
3303,464,4,2,61,B,4.0,3
3304,464,5,2,93,A,5.0,3
3305,464,4,3,87,A,5.0,3
3306,464,5,3,76,A,5.0,3
3307,464,4,4,80,A,5.0,3
3308,464,5,4,85,A,5.0,3
3309,465,7,1,82,A,5.0,3
3310,465,7,2,60,B,4.0,3
3311,465,7,3,35,F,0.0,3
3312,465,7,4,95,A,5.0,3
3313,466,4,1,58,C,3.0,3
3314,466,5,1,85,A,5.0,3
3315,466,4,2,49,D,2.0,3
3316,466,5,2,67,B,4.0,3
3317,466,4,3,53,C,3.0,3
3318,466,5,3,52,C,3.0,3
3319,466,4,4,91,A,5.0,3
3320,466,5,4,77,A,5.0,3
3321,467,6,1,51,C,3.0,3
3322,467,6,2,54,C,3.0,3
3323,467,6,3,88,A,5.0,3
3324,467,6,4,92,A,5.0,3
3325,468,7,1,85,A,5.0,3
3326,468,7,2,93,A,5.0,3
3327,468,7,3,61,B,4.0,3
3328,468,7,4,78,A,5.0,3
3329,469,6,1,50,C,3.0,3
3330,469,6,2,35,F,0.0,3
3331,469,6,3,92,A,5.0,3
3332,469,6,4,93,A,5.0,3
3333,470,1,1,61,B,4.0,3
3334,470,2,1,37,F,0.0,3
3335,470,3,1,35,F,0.0,3
3336,470,1,2,36,F,0.0,3
3337,470,2,2,44,E,1.0,3
3338,470,3,2,85,A,5.0,3
3339,470,1,3,58,C,3.0,3
3340,470,2,3,88,A,5.0,3
3341,470,3,3,87,A,5.0,3
3342,470,1,4,68,B,4.0,3
3343,470,2,4,87,A,5.0,3
3344,470,3,4,82,A,5.0,3
3345,471,7,1,73,A,5.0,3
3346,471,7,2,55,C,3.0,3
3347,471,7,3,56,C,3.0,3
3348,471,7,4,45,D,2.0,3
3349,472,6,1,71,A,5.0,3
3350,472,6,2,62,B,4.0,3
3351,472,6,3,50,C,3.0,3
3352,472,6,4,70,A,5.0,3
3353,473,7,1,60,B,4.0,3
3354,473,7,2,47,D,2.0,3
3355,473,7,3,74,A,5.0,3
3356,473,7,4,76,A,5.0,3
3357,474,4,1,60,B,4.0,3
3358,474,5,1,88,A,5.0,3
3359,474,4,2,38,F,0.0,3
3360,474,5,2,86,A,5.0,3
3361,474,4,3,94,A,5.0,3
3362,474,5,3,71,A,5.0,3
3363,474,4,4,62,B,4.0,3
3364,474,5,4,43,E,1.0,3
3365,475,1,1,95,A,5.0,3
3366,475,2,1,75,A,5.0,3
3367,475,3,1,59,C,3.0,3
3368,475,1,2,81,A,5.0,3
3369,475,2,2,46,D,2.0,3
3370,475,3,2,60,B,4.0,3
3371,475,1,3,92,A,5.0,3
3372,475,2,3,55,C,3.0,3
3373,475,3,3,68,B,4.0,3
3374,475,1,4,45,D,2.0,3
3375,475,2,4,62,B,4.0,3
3376,475,3,4,49,D,2.0,3
3377,476,6,1,41,E,1.0,3
3378,476,6,2,80,A,5.0,3
3379,476,6,3,86,A,5.0,3
3380,476,6,4,43,E,1.0,3
3381,477,6,1,67,B,4.0,3
3382,477,6,2,42,E,1.0,3
3383,477,6,3,75,A,5.0,3
3384,477,6,4,71,A,5.0,3
3385,478,1,1,85,A,5.0,3
3386,478,2,1,60,B,4.0,3
3387,478,3,1,88,A,5.0,3
3388,478,1,2,83,A,5.0,3
3389,478,2,2,75,A,5.0,3
3390,478,3,2,93,A,5.0,3
3391,478,1,3,51,C,3.0,3
3392,478,2,3,88,A,5.0,3
3393,478,3,3,70,A,5.0,3
3394,478,1,4,45,D,2.0,3
3395,478,2,4,95,A,5.0,3
3396,478,3,4,55,C,3.0,3
3397,479,4,1,48,D,2.0,3
3398,479,5,1,40,E,1.0,3
3399,479,4,2,40,E,1.0,3
3400,479,5,2,36,F,0.0,3
3401,479,4,3,62,B,4.0,3
3402,479,5,3,35,F,0.0,3
3403,479,4,4,75,A,5.0,3
3404,479,5,4,84,A,5.0,3
3405,480,7,1,72,A,5.0,3
3406,480,7,2,44,E,1.0,3
3407,480,7,3,36,F,0.0,3
3408,480,7,4,74,A,5.0,3
3409,481,4,1,80,A,5.0,3
3410,481,5,1,69,B,4.0,3
3411,481,4,2,93,A,5.0,3
3412,481,5,2,40,E,1.0,3
3413,481,4,3,71,A,5.0,3
3414,481,5,3,59,C,3.0,3
3415,481,4,4,36,F,0.0,3
3416,481,5,4,82,A,5.0,3
3417,482,1,1,81,A,5.0,3
3418,482,2,1,43,E,1.0,3
3419,482,3,1,64,B,4.0,3
3420,482,1,2,75,A,5.0,3
3421,482,2,2,75,A,5.0,3
3422,482,3,2,84,A,5.0,3
3423,482,1,3,57,C,3.0,3
3424,482,2,3,46,D,2.0,3
3425,482,3,3,50,C,3.0,3
3426,482,1,4,76,A,5.0,3
3427,482,2,4,92,A,5.0,3
3428,482,3,4,49,D,2.0,3
3429,483,1,1,54,C,3.0,3
3430,483,2,1,47,D,2.0,3
3431,483,3,1,69,B,4.0,3
3432,483,1,2,88,A,5.0,3
3433,483,2,2,50,C,3.0,3
3434,483,3,2,81,A,5.0,3
3435,483,1,3,84,A,5.0,3
3436,483,2,3,86,A,5.0,3
3437,483,3,3,85,A,5.0,3
3438,483,1,4,59,C,3.0,3
3439,483,2,4,84,A,5.0,3
3440,483,3,4,51,C,3.0,3
3441,484,6,1,77,A,5.0,3
3442,484,6,2,38,F,0.0,3
3443,484,6,3,52,C,3.0,3
3444,484,6,4,40,E,1.0,3
3445,485,4,1,94,A,5.0,3
3446,485,5,1,44,E,1.0,3
3447,485,4,2,75,A,5.0,3
3448,485,5,2,36,F,0.0,3
3449,485,4,3,75,A,5.0,3
3450,485,5,3,72,A,5.0,3
3451,485,4,4,90,A,5.0,3
3452,485,5,4,41,E,1.0,3
3453,486,4,1,42,E,1.0,3
3454,486,5,1,64,B,4.0,3
3455,486,4,2,94,A,5.0,3
3456,486,5,2,73,A,5.0,3
3457,486,4,3,42,E,1.0,3
3458,486,5,3,41,E,1.0,3
3459,486,4,4,44,E,1.0,3
3460,486,5,4,53,C,3.0,3
3461,487,1,1,51,C,3.0,3
3462,487,2,1,92,A,5.0,3
3463,487,3,1,46,D,2.0,3
3464,487,1,2,40,E,1.0,3
3465,487,2,2,39,F,0.0,3
3466,487,3,2,66,B,4.0,3
3467,487,1,3,89,A,5.0,3
3468,487,2,3,58,C,3.0,3
3469,487,3,3,93,A,5.0,3
3470,487,1,4,88,A,5.0,3
3471,487,2,4,48,D,2.0,3
3472,487,3,4,60,B,4.0,3
3473,488,4,1,41,E,1.0,3
3474,488,5,1,66,B,4.0,3
3475,488,4,2,85,A,5.0,3
3476,488,5,2,36,F,0.0,3
3477,488,4,3,61,B,4.0,3
3478,488,5,3,39,F,0.0,3
3479,488,4,4,66,B,4.0,3
3480,488,5,4,75,A,5.0,3
3481,489,1,1,39,F,0.0,3
3482,489,2,1,48,D,2.0,3
3483,489,3,1,78,A,5.0,3
3484,489,1,2,61,B,4.0,3
3485,489,2,2,59,C,3.0,3
3486,489,3,2,91,A,5.0,3
3487,489,1,3,55,C,3.0,3
3488,489,2,3,75,A,5.0,3
3489,489,3,3,93,A,5.0,3
3490,489,1,4,63,B,4.0,3
3491,489,2,4,86,A,5.0,3
3492,489,3,4,45,D,2.0,3
3493,490,6,1,46,D,2.0,3
3494,490,6,2,54,C,3.0,3
3495,490,6,3,35,F,0.0,3
3496,490,6,4,92,A,5.0,3
3497,491,7,1,46,D,2.0,3
3498,491,7,2,77,A,5.0,3
3499,491,7,3,71,A,5.0,3
3500,491,7,4,75,A,5.0,3
3501,492,1,1,73,A,5.0,3
3502,492,2,1,89,A,5.0,3
3503,492,3,1,37,F,0.0,3
3504,492,1,2,42,E,1.0,3
3505,492,2,2,56,C,3.0,3
3506,492,3,2,57,C,3.0,3
3507,492,1,3,65,B,4.0,3
3508,492,2,3,74,A,5.0,3
3509,492,3,3,73,A,5.0,3
3510,492,1,4,69,B,4.0,3
3511,492,2,4,35,F,0.0,3
3512,492,3,4,45,D,2.0,3
3513,493,6,1,68,B,4.0,3
3514,493,6,2,82,A,5.0,3
3515,493,6,3,51,C,3.0,3
3516,493,6,4,94,A,5.0,3
3517,494,1,1,42,E,1.0,3
3518,494,2,1,47,D,2.0,3
3519,494,3,1,73,A,5.0,3
3520,494,1,2,36,F,0.0,3
3521,494,2,2,69,B,4.0,3
3522,494,3,2,36,F,0.0,3
3523,494,1,3,68,B,4.0,3
3524,494,2,3,67,B,4.0,3
3525,494,3,3,83,A,5.0,3
3526,494,1,4,44,E,1.0,3
3527,494,2,4,48,D,2.0,3
3528,494,3,4,90,A,5.0,3
3529,495,6,1,58,C,3.0,3
3530,495,6,2,42,E,1.0,3
3531,495,6,3,92,A,5.0,3
3532,495,6,4,48,D,2.0,3
3533,496,6,1,36,F,0.0,3
3534,496,6,2,55,C,3.0,3
3535,496,6,3,43,E,1.0,3
3536,496,6,4,49,D,2.0,3
3537,497,1,1,40,E,1.0,3
3538,497,2,1,81,A,5.0,3
3539,497,3,1,79,A,5.0,3
3540,497,1,2,95,A,5.0,3
3541,497,2,2,43,E,1.0,3
3542,497,3,2,52,C,3.0,3
3543,497,1,3,52,C,3.0,3
3544,497,2,3,65,B,4.0,3
3545,497,3,3,47,D,2.0,3
3546,497,1,4,40,E,1.0,3
3547,497,2,4,57,C,3.0,3
3548,497,3,4,80,A,5.0,3
3549,498,1,1,70,A,5.0,3
3550,498,2,1,76,A,5.0,3
3551,498,3,1,53,C,3.0,3
3552,498,1,2,64,B,4.0,3
3553,498,2,2,82,A,5.0,3
3554,498,3,2,86,A,5.0,3
3555,498,1,3,66,B,4.0,3
3556,498,2,3,62,B,4.0,3
3557,498,3,3,67,B,4.0,3
3558,498,1,4,95,A,5.0,3
3559,498,2,4,60,B,4.0,3
3560,498,3,4,94,A,5.0,3
3561,499,7,1,47,D,2.0,3
3562,499,7,2,51,C,3.0,3
3563,499,7,3,46,D,2.0,3
3564,499,7,4,47,D,2.0,3
3565,500,1,1,78,A,5.0,3
3566,500,2,1,89,A,5.0,3
3567,500,3,1,91,A,5.0,3
3568,500,1,2,80,A,5.0,3
3569,500,2,2,52,C,3.0,3
3570,500,3,2,60,B,4.0,3
3571,500,1,3,41,E,1.0,3
3572,500,2,3,72,A,5.0,3
3573,500,3,3,85,A,5.0,3
3574,500,1,4,84,A,5.0,3
3575,500,2,4,72,A,5.0,3
3576,500,3,4,54,C,3.0,3
3577,501,6,1,45,D,2.0,3
3578,501,6,2,85,A,5.0,3
3579,501,6,3,48,D,2.0,3
3580,501,6,4,81,A,5.0,3
3581,502,1,1,66,B,4.0,3
3582,502,2,1,62,B,4.0,3
3583,502,3,1,91,A,5.0,3
3584,502,1,2,63,B,4.0,3
3585,502,2,2,62,B,4.0,3
3586,502,3,2,73,A,5.0,3
3587,502,1,3,82,A,5.0,3
3588,502,2,3,52,C,3.0,3
3589,502,3,3,87,A,5.0,3
3590,502,1,4,55,C,3.0,3
3591,502,2,4,74,A,5.0,3
3592,502,3,4,41,E,1.0,3
3593,503,7,1,73,A,5.0,3
3594,503,7,2,59,C,3.0,3
3595,503,7,3,62,B,4.0,3
3596,503,7,4,47,D,2.0,3
3597,504,7,1,71,A,5.0,3
3598,504,7,2,57,C,3.0,3
3599,504,7,3,58,C,3.0,3
3600,504,7,4,92,A,5.0,3
3601,505,4,1,75,A,5.0,3
3602,505,5,1,87,A,5.0,3
3603,505,4,2,39,F,0.0,3
3604,505,5,2,63,B,4.0,3
3605,505,4,3,45,D,2.0,3
3606,505,5,3,91,A,5.0,3
3607,505,4,4,37,F,0.0,3
3608,505,5,4,67,B,4.0,3
3609,506,4,1,51,C,3.0,3
3610,506,5,1,72,A,5.0,3
3611,506,4,2,61,B,4.0,3
3612,506,5,2,53,C,3.0,3
3613,506,4,3,73,A,5.0,3
3614,506,5,3,87,A,5.0,3
3615,506,4,4,91,A,5.0,3
3616,506,5,4,76,A,5.0,3
3617,507,4,1,95,A,5.0,3
3618,507,5,1,68,B,4.0,3
3619,507,4,2,57,C,3.0,3
3620,507,5,2,60,B,4.0,3
3621,507,4,3,36,F,0.0,3
3622,507,5,3,42,E,1.0,3
3623,507,4,4,46,D,2.0,3
3624,507,5,4,86,A,5.0,3
3625,508,1,1,55,C,3.0,3
3626,508,2,1,62,B,4.0,3
3627,508,3,1,85,A,5.0,3
3628,508,1,2,46,D,2.0,3
3629,508,2,2,57,C,3.0,3
3630,508,3,2,50,C,3.0,3
3631,508,1,3,39,F,0.0,3
3632,508,2,3,48,D,2.0,3
3633,508,3,3,77,A,5.0,3
3634,508,1,4,58,C,3.0,3
3635,508,2,4,58,C,3.0,3
3636,508,3,4,44,E,1.0,3
3637,509,6,1,84,A,5.0,3
3638,509,6,2,55,C,3.0,3
3639,509,6,3,42,E,1.0,3
3640,509,6,4,35,F,0.0,3
3641,510,7,1,55,C,3.0,3
3642,510,7,2,79,A,5.0,3
3643,510,7,3,35,F,0.0,3
3644,510,7,4,80,A,5.0,3
3645,511,7,1,56,C,3.0,3
3646,511,7,2,48,D,2.0,3
3647,511,7,3,64,B,4.0,3
3648,511,7,4,71,A,5.0,3
3649,512,6,1,85,A,5.0,3
3650,512,6,2,55,C,3.0,3
3651,512,6,3,92,A,5.0,3
3652,512,6,4,49,D,2.0,3
3653,513,1,1,70,A,5.0,3
3654,513,2,1,39,F,0.0,3
3655,513,3,1,59,C,3.0,3
3656,513,1,2,53,C,3.0,3
3657,513,2,2,73,A,5.0,3
3658,513,3,2,48,D,2.0,3
3659,513,1,3,68,B,4.0,3
3660,513,2,3,48,D,2.0,3
3661,513,3,3,41,E,1.0,3
3662,513,1,4,70,A,5.0,3
3663,513,2,4,52,C,3.0,3
3664,513,3,4,80,A,5.0,3
3665,514,1,1,73,A,5.0,3
3666,514,2,1,95,A,5.0,3
3667,514,3,1,91,A,5.0,3
3668,514,1,2,86,A,5.0,3
3669,514,2,2,90,A,5.0,3
3670,514,3,2,77,A,5.0,3
3671,514,1,3,39,F,0.0,3
3672,514,2,3,71,A,5.0,3
3673,514,3,3,92,A,5.0,3
3674,514,1,4,76,A,5.0,3
3675,514,2,4,61,B,4.0,3
3676,514,3,4,78,A,5.0,3
3677,515,1,1,83,A,5.0,3
3678,515,2,1,62,B,4.0,3
3679,515,3,1,55,C,3.0,3
3680,515,1,2,87,A,5.0,3
3681,515,2,2,55,C,3.0,3
3682,515,3,2,47,D,2.0,3
3683,515,1,3,47,D,2.0,3
3684,515,2,3,38,F,0.0,3
3685,515,3,3,86,A,5.0,3
3686,515,1,4,66,B,4.0,3
3687,515,2,4,66,B,4.0,3
3688,515,3,4,37,F,0.0,3
3689,516,4,1,52,C,3.0,3
3690,516,5,1,61,B,4.0,3
3691,516,4,2,42,E,1.0,3
3692,516,5,2,42,E,1.0,3
3693,516,4,3,63,B,4.0,3
3694,516,5,3,45,D,2.0,3
3695,516,4,4,73,A,5.0,3
3696,516,5,4,55,C,3.0,3
3697,517,4,1,72,A,5.0,3
3698,517,5,1,59,C,3.0,3
3699,517,4,2,50,C,3.0,3
3700,517,5,2,71,A,5.0,3
3701,517,4,3,36,F,0.0,3
3702,517,5,3,53,C,3.0,3
3703,517,4,4,36,F,0.0,3
3704,517,5,4,76,A,5.0,3
3705,518,6,1,85,A,5.0,3
3706,518,6,2,89,A,5.0,3
3707,518,6,3,71,A,5.0,3
3708,518,6,4,35,F,0.0,3
3709,519,1,1,93,A,5.0,3
3710,519,2,1,64,B,4.0,3
3711,519,3,1,53,C,3.0,3
3712,519,1,2,43,E,1.0,3
3713,519,2,2,88,A,5.0,3
3714,519,3,2,60,B,4.0,3
3715,519,1,3,37,F,0.0,3
3716,519,2,3,92,A,5.0,3
3717,519,3,3,69,B,4.0,3
3718,519,1,4,93,A,5.0,3
3719,519,2,4,68,B,4.0,3
3720,519,3,4,37,F,0.0,3
3721,520,6,1,56,C,3.0,3
3722,520,6,2,76,A,5.0,3
3723,520,6,3,36,F,0.0,3
3724,520,6,4,39,F,0.0,3
3725,521,7,1,65,B,4.0,3
3726,521,7,2,41,E,1.0,3
3727,521,7,3,88,A,5.0,3
3728,521,7,4,86,A,5.0,3
3729,522,6,1,61,B,4.0,3
3730,522,6,2,81,A,5.0,3
3731,522,6,3,54,C,3.0,3
3732,522,6,4,52,C,3.0,3
3733,523,4,1,55,C,3.0,3
3734,523,5,1,83,A,5.0,3
3735,523,4,2,57,C,3.0,3
3736,523,5,2,60,B,4.0,3
3737,523,4,3,40,E,1.0,3
3738,523,5,3,70,A,5.0,3
3739,523,4,4,84,A,5.0,3
3740,523,5,4,55,C,3.0,3
3741,524,1,1,66,B,4.0,3
3742,524,2,1,74,A,5.0,3
3743,524,3,1,38,F,0.0,3
3744,524,1,2,60,B,4.0,3
3745,524,2,2,54,C,3.0,3
3746,524,3,2,79,A,5.0,3
3747,524,1,3,64,B,4.0,3
3748,524,2,3,66,B,4.0,3
3749,524,3,3,89,A,5.0,3
3750,524,1,4,76,A,5.0,3
3751,524,2,4,93,A,5.0,3
3752,524,3,4,42,E,1.0,3
3753,525,7,1,88,A,5.0,3
3754,525,7,2,58,C,3.0,3
3755,525,7,3,95,A,5.0,3
3756,525,7,4,74,A,5.0,3
3757,526,4,1,41,E,1.0,3
3758,526,5,1,36,F,0.0,3
3759,526,4,2,49,D,2.0,3
3760,526,5,2,38,F,0.0,3
3761,526,4,3,87,A,5.0,3
3762,526,5,3,35,F,0.0,3
3763,526,4,4,43,E,1.0,3
3764,526,5,4,41,E,1.0,3
3765,527,7,1,55,C,3.0,3
3766,527,7,2,90,A,5.0,3
3767,527,7,3,79,A,5.0,3
3768,527,7,4,81,A,5.0,3
3769,528,7,1,62,B,4.0,3
3770,528,7,2,49,D,2.0,3
3771,528,7,3,45,D,2.0,3
3772,528,7,4,40,E,1.0,3
3773,529,4,1,47,D,2.0,3
3774,529,5,1,81,A,5.0,3
3775,529,4,2,92,A,5.0,3
3776,529,5,2,86,A,5.0,3
3777,529,4,3,58,C,3.0,3
3778,529,5,3,87,A,5.0,3
3779,529,4,4,92,A,5.0,3
3780,529,5,4,69,B,4.0,3
3781,530,1,1,35,F,0.0,3
3782,530,2,1,94,A,5.0,3
3783,530,3,1,79,A,5.0,3
3784,530,1,2,90,A,5.0,3
3785,530,2,2,38,F,0.0,3
3786,530,3,2,51,C,3.0,3
3787,530,1,3,91,A,5.0,3
3788,530,2,3,85,A,5.0,3
3789,530,3,3,37,F,0.0,3
3790,530,1,4,42,E,1.0,3
3791,530,2,4,38,F,0.0,3
3792,530,3,4,95,A,5.0,3
3793,531,1,1,54,C,3.0,3
3794,531,2,1,39,F,0.0,3
3795,531,3,1,51,C,3.0,3
3796,531,1,2,56,C,3.0,3
3797,531,2,2,79,A,5.0,3
3798,531,3,2,74,A,5.0,3
3799,531,1,3,85,A,5.0,3
3800,531,2,3,86,A,5.0,3
3801,531,3,3,59,C,3.0,3
3802,531,1,4,52,C,3.0,3
3803,531,2,4,79,A,5.0,3
3804,531,3,4,45,D,2.0,3
3805,532,7,1,94,A,5.0,3
3806,532,7,2,43,E,1.0,3
3807,532,7,3,72,A,5.0,3
3808,532,7,4,64,B,4.0,3
3809,533,7,1,42,E,1.0,3
3810,533,7,2,43,E,1.0,3
3811,533,7,3,55,C,3.0,3
3812,533,7,4,90,A,5.0,3
3813,534,4,1,44,E,1.0,3
3814,534,5,1,83,A,5.0,3
3815,534,4,2,72,A,5.0,3
3816,534,5,2,91,A,5.0,3
3817,534,4,3,89,A,5.0,3
3818,534,5,3,92,A,5.0,3
3819,534,4,4,61,B,4.0,3
3820,534,5,4,75,A,5.0,3
3821,535,1,1,63,B,4.0,3
3822,535,2,1,77,A,5.0,3
3823,535,3,1,42,E,1.0,3
3824,535,1,2,68,B,4.0,3
3825,535,2,2,68,B,4.0,3
3826,535,3,2,50,C,3.0,3
3827,535,1,3,71,A,5.0,3
3828,535,2,3,65,B,4.0,3
3829,535,3,3,77,A,5.0,3
3830,535,1,4,66,B,4.0,3
3831,535,2,4,52,C,3.0,3
3832,535,3,4,55,C,3.0,3
3833,536,7,1,84,A,5.0,3
3834,536,7,2,81,A,5.0,3
3835,536,7,3,65,B,4.0,3
3836,536,7,4,49,D,2.0,3
3837,537,7,1,40,E,1.0,3
3838,537,7,2,51,C,3.0,3
3839,537,7,3,84,A,5.0,3
3840,537,7,4,53,C,3.0,3
3841,538,6,1,80,A,5.0,3
3842,538,6,2,40,E,1.0,3
3843,538,6,3,57,C,3.0,3
3844,538,6,4,70,A,5.0,3
3845,539,4,1,88,A,5.0,3
3846,539,5,1,90,A,5.0,3
3847,539,4,2,50,C,3.0,3
3848,539,5,2,77,A,5.0,3
3849,539,4,3,76,A,5.0,3
3850,539,5,3,82,A,5.0,3
3851,539,4,4,89,A,5.0,3
3852,539,5,4,48,D,2.0,3
3853,540,7,1,79,A,5.0,3
3854,540,7,2,39,F,0.0,3
3855,540,7,3,39,F,0.0,3
3856,540,7,4,66,B,4.0,3
3857,541,4,1,38,F,0.0,3
3858,541,5,1,48,D,2.0,3
3859,541,4,2,35,F,0.0,3
3860,541,5,2,77,A,5.0,3
3861,541,4,3,48,D,2.0,3
3862,541,5,3,64,B,4.0,3
3863,541,4,4,87,A,5.0,3
3864,541,5,4,59,C,3.0,3
3865,542,1,1,47,D,2.0,3
3866,542,2,1,66,B,4.0,3
3867,542,3,1,41,E,1.0,3
3868,542,1,2,56,C,3.0,3
3869,542,2,2,48,D,2.0,3
3870,542,3,2,87,A,5.0,3
3871,542,1,3,72,A,5.0,3
3872,542,2,3,83,A,5.0,3
3873,542,3,3,68,B,4.0,3
3874,542,1,4,67,B,4.0,3
3875,542,2,4,89,A,5.0,3
3876,542,3,4,55,C,3.0,3
3877,543,4,1,83,A,5.0,3
3878,543,5,1,95,A,5.0,3
3879,543,4,2,54,C,3.0,3
3880,543,5,2,80,A,5.0,3
3881,543,4,3,64,B,4.0,3
3882,543,5,3,76,A,5.0,3
3883,543,4,4,44,E,1.0,3
3884,543,5,4,89,A,5.0,3
3885,544,1,1,67,B,4.0,3
3886,544,2,1,41,E,1.0,3
3887,544,3,1,93,A,5.0,3
3888,544,1,2,43,E,1.0,3
3889,544,2,2,49,D,2.0,3
3890,544,3,2,93,A,5.0,3
3891,544,1,3,58,C,3.0,3
3892,544,2,3,59,C,3.0,3
3893,544,3,3,63,B,4.0,3
3894,544,1,4,90,A,5.0,3
3895,544,2,4,74,A,5.0,3
3896,544,3,4,67,B,4.0,3
3897,545,1,1,47,D,2.0,3
3898,545,2,1,84,A,5.0,3
3899,545,3,1,60,B,4.0,3
3900,545,1,2,47,D,2.0,3
3901,545,2,2,39,F,0.0,3
3902,545,3,2,52,C,3.0,3
3903,545,1,3,62,B,4.0,3
3904,545,2,3,45,D,2.0,3
3905,545,3,3,78,A,5.0,3
3906,545,1,4,54,C,3.0,3
3907,545,2,4,95,A,5.0,3
3908,545,3,4,90,A,5.0,3
3909,546,4,1,71,A,5.0,3
3910,546,5,1,76,A,5.0,3
3911,546,4,2,41,E,1.0,3
3912,546,5,2,44,E,1.0,3
3913,546,4,3,64,B,4.0,3
3914,546,5,3,91,A,5.0,3
3915,546,4,4,41,E,1.0,3
3916,546,5,4,82,A,5.0,3
3917,547,6,1,42,E,1.0,3
3918,547,6,2,50,C,3.0,3
3919,547,6,3,36,F,0.0,3
3920,547,6,4,92,A,5.0,3
3921,548,4,1,64,B,4.0,3
3922,548,5,1,46,D,2.0,3
3923,548,4,2,52,C,3.0,3
3924,548,5,2,36,F,0.0,3
3925,548,4,3,65,B,4.0,3
3926,548,5,3,77,A,5.0,3
3927,548,4,4,68,B,4.0,3
3928,548,5,4,63,B,4.0,3
3929,549,1,1,57,C,3.0,3
3930,549,2,1,51,C,3.0,3
3931,549,3,1,42,E,1.0,3
3932,549,1,2,94,A,5.0,3
3933,549,2,2,70,A,5.0,3
3934,549,3,2,40,E,1.0,3
3935,549,1,3,57,C,3.0,3
3936,549,2,3,62,B,4.0,3
3937,549,3,3,48,D,2.0,3
3938,549,1,4,44,E,1.0,3
3939,549,2,4,60,B,4.0,3
3940,549,3,4,67,B,4.0,3
3941,550,7,1,62,B,4.0,3
3942,550,7,2,67,B,4.0,3
3943,550,7,3,56,C,3.0,3
3944,550,7,4,38,F,0.0,3
3945,551,1,1,63,B,4.0,3
3946,551,2,1,52,C,3.0,3
3947,551,3,1,58,C,3.0,3
3948,551,1,2,41,E,1.0,3
3949,551,2,2,38,F,0.0,3
3950,551,3,2,76,A,5.0,3
3951,551,1,3,59,C,3.0,3
3952,551,2,3,81,A,5.0,3
3953,551,3,3,94,A,5.0,3
3954,551,1,4,62,B,4.0,3
3955,551,2,4,47,D,2.0,3
3956,551,3,4,53,C,3.0,3
3957,552,7,1,47,D,2.0,3
3958,552,7,2,60,B,4.0,3
3959,552,7,3,46,D,2.0,3
3960,552,7,4,73,A,5.0,3
3961,553,6,1,52,C,3.0,3
3962,553,6,2,68,B,4.0,3
3963,553,6,3,73,A,5.0,3
3964,553,6,4,66,B,4.0,3
3965,554,4,1,68,B,4.0,3
3966,554,5,1,62,B,4.0,3
3967,554,4,2,41,E,1.0,3
3968,554,5,2,78,A,5.0,3
3969,554,4,3,38,F,0.0,3
3970,554,5,3,76,A,5.0,3
3971,554,4,4,50,C,3.0,3
3972,554,5,4,42,E,1.0,3
3973,555,4,1,49,D,2.0,3
3974,555,5,1,42,E,1.0,3
3975,555,4,2,38,F,0.0,3
3976,555,5,2,92,A,5.0,3
3977,555,4,3,37,F,0.0,3
3978,555,5,3,71,A,5.0,3
3979,555,4,4,52,C,3.0,3
3980,555,5,4,50,C,3.0,3
3981,556,1,1,39,F,0.0,3
3982,556,2,1,69,B,4.0,3
3983,556,3,1,41,E,1.0,3
3984,556,1,2,52,C,3.0,3
3985,556,2,2,49,D,2.0,3
3986,556,3,2,91,A,5.0,3
3987,556,1,3,74,A,5.0,3
3988,556,2,3,79,A,5.0,3
3989,556,3,3,80,A,5.0,3
3990,556,1,4,60,B,4.0,3
3991,556,2,4,60,B,4.0,3
3992,556,3,4,60,B,4.0,3
3993,557,6,1,41,E,1.0,3
3994,557,6,2,49,D,2.0,3
3995,557,6,3,81,A,5.0,3
3996,557,6,4,87,A,5.0,3
3997,558,4,1,91,A,5.0,3
3998,558,5,1,79,A,5.0,3
3999,558,4,2,52,C,3.0,3
4000,558,5,2,66,B,4.0,3
4001,558,4,3,48,D,2.0,3
4002,558,5,3,45,D,2.0,3
4003,558,4,4,85,A,5.0,3
4004,558,5,4,48,D,2.0,3
4005,559,1,1,57,C,3.0,3
4006,559,2,1,75,A,5.0,3
4007,559,3,1,53,C,3.0,3
4008,559,1,2,80,A,5.0,3
4009,559,2,2,73,A,5.0,3
4010,559,3,2,53,C,3.0,3
4011,559,1,3,81,A,5.0,3
4012,559,2,3,35,F,0.0,3
4013,559,3,3,41,E,1.0,3
4014,559,1,4,46,D,2.0,3
4015,559,2,4,67,B,4.0,3
4016,559,3,4,93,A,5.0,3
4017,560,1,1,79,A,5.0,3
4018,560,2,1,74,A,5.0,3
4019,560,3,1,65,B,4.0,3
4020,560,1,2,82,A,5.0,3
4021,560,2,2,54,C,3.0,3
4022,560,3,2,89,A,5.0,3
4023,560,1,3,93,A,5.0,3
4024,560,2,3,79,A,5.0,3
4025,560,3,3,50,C,3.0,3
4026,560,1,4,45,D,2.0,3
4027,560,2,4,55,C,3.0,3
4028,560,3,4,78,A,5.0,3
4029,561,6,1,39,F,0.0,3
4030,561,6,2,45,D,2.0,3
4031,561,6,3,46,D,2.0,3
4032,561,6,4,56,C,3.0,3
4033,562,4,1,92,A,5.0,3
4034,562,5,1,64,B,4.0,3
4035,562,4,2,44,E,1.0,3
4036,562,5,2,35,F,0.0,3
4037,562,4,3,77,A,5.0,3
4038,562,5,3,65,B,4.0,3
4039,562,4,4,62,B,4.0,3
4040,562,5,4,56,C,3.0,3
4041,563,4,1,36,F,0.0,3
4042,563,5,1,46,D,2.0,3
4043,563,4,2,51,C,3.0,3
4044,563,5,2,91,A,5.0,3
4045,563,4,3,39,F,0.0,3
4046,563,5,3,45,D,2.0,3
4047,563,4,4,78,A,5.0,3
4048,563,5,4,83,A,5.0,3
4049,564,4,1,89,A,5.0,3
4050,564,5,1,35,F,0.0,3
4051,564,4,2,73,A,5.0,3
4052,564,5,2,57,C,3.0,3
4053,564,4,3,65,B,4.0,3
4054,564,5,3,72,A,5.0,3
4055,564,4,4,35,F,0.0,3
4056,564,5,4,66,B,4.0,3
4057,565,6,1,90,A,5.0,3
4058,565,6,2,50,C,3.0,3
4059,565,6,3,65,B,4.0,3
4060,565,6,4,42,E,1.0,3
4061,566,1,1,37,F,0.0,3
4062,566,2,1,87,A,5.0,3
4063,566,3,1,36,F,0.0,3
4064,566,1,2,71,A,5.0,3
4065,566,2,2,78,A,5.0,3
4066,566,3,2,53,C,3.0,3
4067,566,1,3,88,A,5.0,3
4068,566,2,3,49,D,2.0,3
4069,566,3,3,68,B,4.0,3
4070,566,1,4,67,B,4.0,3
4071,566,2,4,45,D,2.0,3
4072,566,3,4,83,A,5.0,3
4073,567,6,1,44,E,1.0,3
4074,567,6,2,84,A,5.0,3
4075,567,6,3,41,E,1.0,3
4076,567,6,4,41,E,1.0,3
4077,568,1,1,54,C,3.0,3
4078,568,2,1,86,A,5.0,3
4079,568,3,1,82,A,5.0,3
4080,568,1,2,56,C,3.0,3
4081,568,2,2,63,B,4.0,3
4082,568,3,2,66,B,4.0,3
4083,568,1,3,82,A,5.0,3
4084,568,2,3,57,C,3.0,3
4085,568,3,3,69,B,4.0,3
4086,568,1,4,51,C,3.0,3
4087,568,2,4,77,A,5.0,3
4088,568,3,4,66,B,4.0,3
4089,569,6,1,51,C,3.0,3
4090,569,6,2,58,C,3.0,3
4091,569,6,3,64,B,4.0,3
4092,569,6,4,35,F,0.0,3
4093,570,4,1,87,A,5.0,3
4094,570,5,1,57,C,3.0,3
4095,570,4,2,54,C,3.0,3
4096,570,5,2,80,A,5.0,3
4097,570,4,3,56,C,3.0,3
4098,570,5,3,92,A,5.0,3
4099,570,4,4,68,B,4.0,3
4100,570,5,4,84,A,5.0,3
4101,571,1,1,77,A,5.0,3
4102,571,2,1,89,A,5.0,3
4103,571,3,1,90,A,5.0,3
4104,571,1,2,92,A,5.0,3
4105,571,2,2,88,A,5.0,3
4106,571,3,2,73,A,5.0,3
4107,571,1,3,65,B,4.0,3
4108,571,2,3,42,E,1.0,3
4109,571,3,3,52,C,3.0,3
4110,571,1,4,78,A,5.0,3
4111,571,2,4,68,B,4.0,3
4112,571,3,4,81,A,5.0,3
4113,572,7,1,75,A,5.0,3
4114,572,7,2,36,F,0.0,3
4115,572,7,3,44,E,1.0,3
4116,572,7,4,61,B,4.0,3
4117,573,1,1,89,A,5.0,3
4118,573,2,1,49,D,2.0,3
4119,573,3,1,77,A,5.0,3
4120,573,1,2,44,E,1.0,3
4121,573,2,2,57,C,3.0,3
4122,573,3,2,66,B,4.0,3
4123,573,1,3,36,F,0.0,3
4124,573,2,3,50,C,3.0,3
4125,573,3,3,71,A,5.0,3
4126,573,1,4,82,A,5.0,3
4127,573,2,4,79,A,5.0,3
4128,573,3,4,62,B,4.0,3
4129,574,1,1,58,C,3.0,3
4130,574,2,1,48,D,2.0,3
4131,574,3,1,82,A,5.0,3
4132,574,1,2,40,E,1.0,3
4133,574,2,2,47,D,2.0,3
4134,574,3,2,93,A,5.0,3
4135,574,1,3,59,C,3.0,3
4136,574,2,3,75,A,5.0,3
4137,574,3,3,41,E,1.0,3
4138,574,1,4,52,C,3.0,3
4139,574,2,4,91,A,5.0,3
4140,574,3,4,75,A,5.0,3
4141,575,6,1,78,A,5.0,3
4142,575,6,2,69,B,4.0,3
4143,575,6,3,92,A,5.0,3
4144,575,6,4,93,A,5.0,3
4145,576,7,1,63,B,4.0,3
4146,576,7,2,91,A,5.0,3
4147,576,7,3,68,B,4.0,3
4148,576,7,4,46,D,2.0,3
4149,577,6,1,51,C,3.0,3
4150,577,6,2,93,A,5.0,3
4151,577,6,3,78,A,5.0,3
4152,577,6,4,57,C,3.0,3
4153,578,4,1,91,A,5.0,3
4154,578,5,1,56,C,3.0,3
4155,578,4,2,60,B,4.0,3
4156,578,5,2,72,A,5.0,3
4157,578,4,3,61,B,4.0,3
4158,578,5,3,95,A,5.0,3
4159,578,4,4,52,C,3.0,3
4160,578,5,4,54,C,3.0,3
4161,579,7,1,47,D,2.0,3
4162,579,7,2,37,F,0.0,3
4163,579,7,3,72,A,5.0,3
4164,579,7,4,68,B,4.0,3
4165,580,4,1,79,A,5.0,3
4166,580,5,1,56,C,3.0,3
4167,580,4,2,88,A,5.0,3
4168,580,5,2,74,A,5.0,3
4169,580,4,3,42,E,1.0,3
4170,580,5,3,62,B,4.0,3
4171,580,4,4,85,A,5.0,3
4172,580,5,4,64,B,4.0,3
4173,581,1,1,71,A,5.0,3
4174,581,2,1,85,A,5.0,3
4175,581,3,1,85,A,5.0,3
4176,581,1,2,57,C,3.0,3
4177,581,2,2,53,C,3.0,3
4178,581,3,2,42,E,1.0,3
4179,581,1,3,35,F,0.0,3
4180,581,2,3,66,B,4.0,3
4181,581,3,3,94,A,5.0,3
4182,581,1,4,78,A,5.0,3
4183,581,2,4,44,E,1.0,3
4184,581,3,4,64,B,4.0,3
4185,582,4,1,78,A,5.0,3
4186,582,5,1,44,E,1.0,3
4187,582,4,2,68,B,4.0,3
4188,582,5,2,53,C,3.0,3
4189,582,4,3,74,A,5.0,3
4190,582,5,3,70,A,5.0,3
4191,582,4,4,77,A,5.0,3
4192,582,5,4,45,D,2.0,3
4193,583,4,1,54,C,3.0,3
4194,583,5,1,66,B,4.0,3
4195,583,4,2,53,C,3.0,3
4196,583,5,2,39,F,0.0,3
4197,583,4,3,86,A,5.0,3
4198,583,5,3,53,C,3.0,3
4199,583,4,4,35,F,0.0,3
4200,583,5,4,64,B,4.0,3
4201,584,6,1,37,F,0.0,3
4202,584,6,2,48,D,2.0,3
4203,584,6,3,53,C,3.0,3
4204,584,6,4,87,A,5.0,3
4205,585,4,1,72,A,5.0,3
4206,585,5,1,42,E,1.0,3
4207,585,4,2,38,F,0.0,3
4208,585,5,2,66,B,4.0,3
4209,585,4,3,54,C,3.0,3
4210,585,5,3,35,F,0.0,3
4211,585,4,4,62,B,4.0,3
4212,585,5,4,57,C,3.0,3
4213,586,6,1,77,A,5.0,3
4214,586,6,2,88,A,5.0,3
4215,586,6,3,35,F,0.0,3
4216,586,6,4,38,F,0.0,3
4217,587,6,1,51,C,3.0,3
4218,587,6,2,43,E,1.0,3
4219,587,6,3,57,C,3.0,3
4220,587,6,4,91,A,5.0,3
4221,588,4,1,53,C,3.0,3
4222,588,5,1,85,A,5.0,3
4223,588,4,2,89,A,5.0,3
4224,588,5,2,67,B,4.0,3
4225,588,4,3,77,A,5.0,3
4226,588,5,3,84,A,5.0,3
4227,588,4,4,70,A,5.0,3
4228,588,5,4,44,E,1.0,3
4229,589,1,1,40,E,1.0,3
4230,589,2,1,80,A,5.0,3
4231,589,3,1,52,C,3.0,3
4232,589,1,2,44,E,1.0,3
4233,589,2,2,81,A,5.0,3
4234,589,3,2,47,D,2.0,3
4235,589,1,3,62,B,4.0,3
4236,589,2,3,72,A,5.0,3
4237,589,3,3,93,A,5.0,3
4238,589,1,4,40,E,1.0,3
4239,589,2,4,53,C,3.0,3
4240,589,3,4,49,D,2.0,3
4241,590,4,1,37,F,0.0,3
4242,590,5,1,65,B,4.0,3
4243,590,4,2,94,A,5.0,3
4244,590,5,2,57,C,3.0,3
4245,590,4,3,50,C,3.0,3
4246,590,5,3,86,A,5.0,3
4247,590,4,4,78,A,5.0,3
4248,590,5,4,75,A,5.0,3
4249,591,7,1,59,C,3.0,3
4250,591,7,2,62,B,4.0,3
4251,591,7,3,60,B,4.0,3
4252,591,7,4,92,A,5.0,3
4253,592,7,1,41,E,1.0,3
4254,592,7,2,92,A,5.0,3
4255,592,7,3,51,C,3.0,3
4256,592,7,4,93,A,5.0,3
4257,593,6,1,54,C,3.0,3
4258,593,6,2,73,A,5.0,3
4259,593,6,3,54,C,3.0,3
4260,593,6,4,46,D,2.0,3
4261,594,4,1,71,A,5.0,3
4262,594,5,1,62,B,4.0,3
4263,594,4,2,78,A,5.0,3
4264,594,5,2,91,A,5.0,3
4265,594,4,3,55,C,3.0,3
4266,594,5,3,86,A,5.0,3
4267,594,4,4,72,A,5.0,3
4268,594,5,4,43,E,1.0,3
4269,595,7,1,78,A,5.0,3
4270,595,7,2,84,A,5.0,3
4271,595,7,3,47,D,2.0,3
4272,595,7,4,51,C,3.0,3
4273,596,6,1,43,E,1.0,3
4274,596,6,2,61,B,4.0,3
4275,596,6,3,70,A,5.0,3
4276,596,6,4,47,D,2.0,3
4277,597,1,1,54,C,3.0,3
4278,597,2,1,54,C,3.0,3
4279,597,3,1,40,E,1.0,3
4280,597,1,2,54,C,3.0,3
4281,597,2,2,71,A,5.0,3
4282,597,3,2,94,A,5.0,3
4283,597,1,3,75,A,5.0,3
4284,597,2,3,64,B,4.0,3
4285,597,3,3,69,B,4.0,3
4286,597,1,4,46,D,2.0,3
4287,597,2,4,59,C,3.0,3
4288,597,3,4,85,A,5.0,3
4289,598,7,1,91,A,5.0,3
4290,598,7,2,88,A,5.0,3
4291,598,7,3,62,B,4.0,3
4292,598,7,4,41,E,1.0,3
4293,599,1,1,43,E,1.0,3
4294,599,2,1,68,B,4.0,3
4295,599,3,1,63,B,4.0,3
4296,599,1,2,79,A,5.0,3
4297,599,2,2,55,C,3.0,3
4298,599,3,2,67,B,4.0,3
4299,599,1,3,94,A,5.0,3
4300,599,2,3,78,A,5.0,3
4301,599,3,3,80,A,5.0,3
4302,599,1,4,57,C,3.0,3
4303,599,2,4,64,B,4.0,3
4304,599,3,4,57,C,3.0,3
4305,600,6,1,62,B,4.0,3
4306,600,6,2,64,B,4.0,3
4307,600,6,3,61,B,4.0,3
4308,600,6,4,61,B,4.0,3
4309,601,6,1,64,B,4.0,3
4310,601,6,2,36,F,0.0,3
4311,601,6,3,93,A,5.0,3
4312,601,6,4,70,A,5.0,3
4313,602,1,1,36,F,0.0,3
4314,602,2,1,84,A,5.0,3
4315,602,3,1,61,B,4.0,3
4316,602,1,2,40,E,1.0,3
4317,602,2,2,83,A,5.0,3
4318,602,3,2,43,E,1.0,3
4319,602,1,3,74,A,5.0,3
4320,602,2,3,93,A,5.0,3
4321,602,3,3,54,C,3.0,3
4322,602,1,4,85,A,5.0,3
4323,602,2,4,50,C,3.0,3
4324,602,3,4,72,A,5.0,3
4325,603,7,1,67,B,4.0,3
4326,603,7,2,58,C,3.0,3
4327,603,7,3,43,E,1.0,3
4328,603,7,4,74,A,5.0,3
4329,604,1,1,69,B,4.0,3
4330,604,2,1,92,A,5.0,3
4331,604,3,1,71,A,5.0,3
4332,604,1,2,91,A,5.0,3
4333,604,2,2,53,C,3.0,3
4334,604,3,2,38,F,0.0,3
4335,604,1,3,83,A,5.0,3
4336,604,2,3,89,A,5.0,3
4337,604,3,3,60,B,4.0,3
4338,604,1,4,43,E,1.0,3
4339,604,2,4,60,B,4.0,3
4340,604,3,4,77,A,5.0,3
4341,605,1,1,35,F,0.0,3
4342,605,2,1,64,B,4.0,3
4343,605,3,1,86,A,5.0,3
4344,605,1,2,83,A,5.0,3
4345,605,2,2,90,A,5.0,3
4346,605,3,2,68,B,4.0,3
4347,605,1,3,64,B,4.0,3
4348,605,2,3,88,A,5.0,3
4349,605,3,3,38,F,0.0,3
4350,605,1,4,40,E,1.0,3
4351,605,2,4,38,F,0.0,3
4352,605,3,4,52,C,3.0,3
4353,606,6,1,88,A,5.0,3
4354,606,6,2,76,A,5.0,3
4355,606,6,3,41,E,1.0,3
4356,606,6,4,56,C,3.0,3
4357,607,7,1,73,A,5.0,3
4358,607,7,2,41,E,1.0,3
4359,607,7,3,87,A,5.0,3
4360,607,7,4,53,C,3.0,3
4361,608,6,1,71,A,5.0,3
4362,608,6,2,65,B,4.0,3
4363,608,6,3,79,A,5.0,3
4364,608,6,4,56,C,3.0,3
4365,609,4,1,90,A,5.0,3
4366,609,5,1,38,F,0.0,3
4367,609,4,2,42,E,1.0,3
4368,609,5,2,82,A,5.0,3
4369,609,4,3,72,A,5.0,3
4370,609,5,3,78,A,5.0,3
4371,609,4,4,67,B,4.0,3
4372,609,5,4,82,A,5.0,3
4373,610,7,1,80,A,5.0,3
4374,610,7,2,38,F,0.0,3
4375,610,7,3,79,A,5.0,3
4376,610,7,4,48,D,2.0,3
4377,611,4,1,68,B,4.0,3
4378,611,5,1,44,E,1.0,3
4379,611,4,2,70,A,5.0,3
4380,611,5,2,82,A,5.0,3
4381,611,4,3,66,B,4.0,3
4382,611,5,3,43,E,1.0,3
4383,611,4,4,49,D,2.0,3
4384,611,5,4,92,A,5.0,3
4385,612,6,1,78,A,5.0,3
4386,612,6,2,75,A,5.0,3
4387,612,6,3,89,A,5.0,3
4388,612,6,4,44,E,1.0,3
4389,613,4,1,54,C,3.0,3
4390,613,5,1,75,A,5.0,3
4391,613,4,2,54,C,3.0,3
4392,613,5,2,81,A,5.0,3
4393,613,4,3,94,A,5.0,3
4394,613,5,3,35,F,0.0,3
4395,613,4,4,86,A,5.0,3
4396,613,5,4,66,B,4.0,3
4397,614,7,1,74,A,5.0,3
4398,614,7,2,79,A,5.0,3
4399,614,7,3,47,D,2.0,3
4400,614,7,4,42,E,1.0,3
4401,615,6,1,39,F,0.0,3
4402,615,6,2,35,F,0.0,3
4403,615,6,3,44,E,1.0,3
4404,615,6,4,73,A,5.0,3
4405,616,1,1,91,A,5.0,3
4406,616,2,1,42,E,1.0,3
4407,616,3,1,68,B,4.0,3
4408,616,1,2,41,E,1.0,3
4409,616,2,2,50,C,3.0,3
4410,616,3,2,48,D,2.0,3
4411,616,1,3,41,E,1.0,3
4412,616,2,3,65,B,4.0,3
4413,616,3,3,36,F,0.0,3
4414,616,1,4,88,A,5.0,3
4415,616,2,4,67,B,4.0,3
4416,616,3,4,63,B,4.0,3
4417,617,4,1,60,B,4.0,3
4418,617,5,1,38,F,0.0,3
4419,617,4,2,94,A,5.0,3
4420,617,5,2,42,E,1.0,3
4421,617,4,3,54,C,3.0,3
4422,617,5,3,60,B,4.0,3
4423,617,4,4,65,B,4.0,3
4424,617,5,4,46,D,2.0,3
4425,618,7,1,87,A,5.0,3
4426,618,7,2,50,C,3.0,3
4427,618,7,3,88,A,5.0,3
4428,618,7,4,89,A,5.0,3
4429,619,1,1,69,B,4.0,3
4430,619,2,1,51,C,3.0,3
4431,619,3,1,87,A,5.0,3
4432,619,1,2,74,A,5.0,3
4433,619,2,2,78,A,5.0,3
4434,619,3,2,63,B,4.0,3
4435,619,1,3,89,A,5.0,3
4436,619,2,3,77,A,5.0,3
4437,619,3,3,74,A,5.0,3
4438,619,1,4,42,E,1.0,3
4439,619,2,4,62,B,4.0,3
4440,619,3,4,44,E,1.0,3
4441,620,1,1,75,A,5.0,3
4442,620,2,1,36,F,0.0,3
4443,620,3,1,46,D,2.0,3
4444,620,1,2,44,E,1.0,3
4445,620,2,2,87,A,5.0,3
4446,620,3,2,82,A,5.0,3
4447,620,1,3,77,A,5.0,3
4448,620,2,3,50,C,3.0,3
4449,620,3,3,45,D,2.0,3
4450,620,1,4,67,B,4.0,3
4451,620,2,4,82,A,5.0,3
4452,620,3,4,79,A,5.0,3
4453,621,6,1,69,B,4.0,3
4454,621,6,2,47,D,2.0,3
4455,621,6,3,65,B,4.0,3
4456,621,6,4,65,B,4.0,3
4457,622,1,1,53,C,3.0,3
4458,622,2,1,53,C,3.0,3
4459,622,3,1,77,A,5.0,3
4460,622,1,2,41,E,1.0,3
4461,622,2,2,72,A,5.0,3
4462,622,3,2,66,B,4.0,3
4463,622,1,3,58,C,3.0,3
4464,622,2,3,77,A,5.0,3
4465,622,3,3,52,C,3.0,3
4466,622,1,4,60,B,4.0,3
4467,622,2,4,59,C,3.0,3
4468,622,3,4,79,A,5.0,3
4469,623,7,1,86,A,5.0,3
4470,623,7,2,41,E,1.0,3
4471,623,7,3,64,B,4.0,3
4472,623,7,4,61,B,4.0,3
4473,624,4,1,87,A,5.0,3
4474,624,5,1,62,B,4.0,3
4475,624,4,2,44,E,1.0,3
4476,624,5,2,36,F,0.0,3
4477,624,4,3,53,C,3.0,3
4478,624,5,3,64,B,4.0,3
4479,624,4,4,42,E,1.0,3
4480,624,5,4,71,A,5.0,3
4481,625,4,1,59,C,3.0,3
4482,625,5,1,35,F,0.0,3
4483,625,4,2,72,A,5.0,3
4484,625,5,2,54,C,3.0,3
4485,625,4,3,37,F,0.0,3
4486,625,5,3,76,A,5.0,3
4487,625,4,4,76,A,5.0,3
4488,625,5,4,92,A,5.0,3
4489,626,7,1,77,A,5.0,3
4490,626,7,2,74,A,5.0,3
4491,626,7,3,63,B,4.0,3
4492,626,7,4,37,F,0.0,3
4493,627,4,1,93,A,5.0,3
4494,627,5,1,93,A,5.0,3
4495,627,4,2,57,C,3.0,3
4496,627,5,2,43,E,1.0,3
4497,627,4,3,64,B,4.0,3
4498,627,5,3,91,A,5.0,3
4499,627,4,4,81,A,5.0,3
4500,627,5,4,64,B,4.0,3
4501,628,6,1,52,C,3.0,3
4502,628,6,2,35,F,0.0,3
4503,628,6,3,45,D,2.0,3
4504,628,6,4,57,C,3.0,3
4505,629,1,1,67,B,4.0,3
4506,629,2,1,89,A,5.0,3
4507,629,3,1,90,A,5.0,3
4508,629,1,2,67,B,4.0,3
4509,629,2,2,48,D,2.0,3
4510,629,3,2,57,C,3.0,3
4511,629,1,3,92,A,5.0,3
4512,629,2,3,80,A,5.0,3
4513,629,3,3,68,B,4.0,3
4514,629,1,4,59,C,3.0,3
4515,629,2,4,67,B,4.0,3
4516,629,3,4,39,F,0.0,3
4517,630,4,1,46,D,2.0,3
4518,630,5,1,76,A,5.0,3
4519,630,4,2,44,E,1.0,3
4520,630,5,2,57,C,3.0,3
4521,630,4,3,76,A,5.0,3
4522,630,5,3,81,A,5.0,3
4523,630,4,4,71,A,5.0,3
4524,630,5,4,56,C,3.0,3
4525,631,7,1,64,B,4.0,3
4526,631,7,2,80,A,5.0,3
4527,631,7,3,89,A,5.0,3
4528,631,7,4,85,A,5.0,3
4529,632,6,1,43,E,1.0,3
4530,632,6,2,52,C,3.0,3
4531,632,6,3,85,A,5.0,3
4532,632,6,4,83,A,5.0,3
4533,633,1,1,77,A,5.0,3
4534,633,2,1,54,C,3.0,3
4535,633,3,1,94,A,5.0,3
4536,633,1,2,60,B,4.0,3
4537,633,2,2,39,F,0.0,3
4538,633,3,2,93,A,5.0,3
4539,633,1,3,88,A,5.0,3
4540,633,2,3,76,A,5.0,3
4541,633,3,3,65,B,4.0,3
4542,633,1,4,59,C,3.0,3
4543,633,2,4,65,B,4.0,3
4544,633,3,4,73,A,5.0,3
4545,634,7,1,77,A,5.0,3
4546,634,7,2,46,D,2.0,3
4547,634,7,3,71,A,5.0,3
4548,634,7,4,80,A,5.0,3
4549,635,1,1,94,A,5.0,3
4550,635,2,1,67,B,4.0,3
4551,635,3,1,84,A,5.0,3
4552,635,1,2,77,A,5.0,3
4553,635,2,2,68,B,4.0,3
4554,635,3,2,51,C,3.0,3
4555,635,1,3,43,E,1.0,3
4556,635,2,3,79,A,5.0,3
4557,635,3,3,55,C,3.0,3
4558,635,1,4,72,A,5.0,3
4559,635,2,4,72,A,5.0,3
4560,635,3,4,57,C,3.0,3
4561,636,6,1,72,A,5.0,3
4562,636,6,2,74,A,5.0,3
4563,636,6,3,88,A,5.0,3
4564,636,6,4,60,B,4.0,3
4565,637,6,1,39,F,0.0,3
4566,637,6,2,37,F,0.0,3
4567,637,6,3,36,F,0.0,3
4568,637,6,4,89,A,5.0,3
4569,638,7,1,81,A,5.0,3
4570,638,7,2,45,D,2.0,3
4571,638,7,3,49,D,2.0,3
4572,638,7,4,41,E,1.0,3
4573,639,4,1,77,A,5.0,3
4574,639,5,1,41,E,1.0,3
4575,639,4,2,66,B,4.0,3
4576,639,5,2,94,A,5.0,3
4577,639,4,3,78,A,5.0,3
4578,639,5,3,65,B,4.0,3
4579,639,4,4,55,C,3.0,3
4580,639,5,4,83,A,5.0,3
4581,640,4,1,49,D,2.0,3
4582,640,5,1,84,A,5.0,3
4583,640,4,2,86,A,5.0,3
4584,640,5,2,93,A,5.0,3
4585,640,4,3,81,A,5.0,3
4586,640,5,3,85,A,5.0,3
4587,640,4,4,50,C,3.0,3
4588,640,5,4,41,E,1.0,3
4589,641,4,1,92,A,5.0,3
4590,641,5,1,91,A,5.0,3
4591,641,4,2,46,D,2.0,3
4592,641,5,2,81,A,5.0,3
4593,641,4,3,92,A,5.0,3
4594,641,5,3,59,C,3.0,3
4595,641,4,4,83,A,5.0,3
4596,641,5,4,61,B,4.0,3
4597,642,6,1,94,A,5.0,3
4598,642,6,2,39,F,0.0,3
4599,642,6,3,38,F,0.0,3
4600,642,6,4,74,A,5.0,3
4601,643,6,1,51,C,3.0,3
4602,643,6,2,42,E,1.0,3
4603,643,6,3,37,F,0.0,3
4604,643,6,4,89,A,5.0,3
4605,644,4,1,82,A,5.0,3
4606,644,5,1,39,F,0.0,3
4607,644,4,2,63,B,4.0,3
4608,644,5,2,83,A,5.0,3
4609,644,4,3,58,C,3.0,3
4610,644,5,3,73,A,5.0,3
4611,644,4,4,75,A,5.0,3
4612,644,5,4,88,A,5.0,3
4613,645,7,1,36,F,0.0,3
4614,645,7,2,94,A,5.0,3
4615,645,7,3,46,D,2.0,3
4616,645,7,4,55,C,3.0,3
4617,646,4,1,41,E,1.0,3
4618,646,5,1,79,A,5.0,3
4619,646,4,2,63,B,4.0,3
4620,646,5,2,59,C,3.0,3
4621,646,4,3,43,E,1.0,3
4622,646,5,3,75,A,5.0,3
4623,646,4,4,71,A,5.0,3
4624,646,5,4,70,A,5.0,3
4625,647,4,1,47,D,2.0,3
4626,647,5,1,47,D,2.0,3
4627,647,4,2,51,C,3.0,3
4628,647,5,2,66,B,4.0,3
4629,647,4,3,63,B,4.0,3
4630,647,5,3,78,A,5.0,3
4631,647,4,4,53,C,3.0,3
4632,647,5,4,49,D,2.0,3
4633,648,7,1,47,D,2.0,3
4634,648,7,2,82,A,5.0,3
4635,648,7,3,45,D,2.0,3
4636,648,7,4,62,B,4.0,3
4637,649,7,1,87,A,5.0,3
4638,649,7,2,68,B,4.0,3
4639,649,7,3,86,A,5.0,3
4640,649,7,4,85,A,5.0,3
4641,650,1,1,47,D,2.0,3
4642,650,2,1,40,E,1.0,3
4643,650,3,1,72,A,5.0,3
4644,650,1,2,36,F,0.0,3
4645,650,2,2,75,A,5.0,3
4646,650,3,2,77,A,5.0,3
4647,650,1,3,41,E,1.0,3
4648,650,2,3,48,D,2.0,3
4649,650,3,3,37,F,0.0,3
4650,650,1,4,86,A,5.0,3
4651,650,2,4,43,E,1.0,3
4652,650,3,4,92,A,5.0,3
4653,651,4,1,35,F,0.0,3
4654,651,5,1,58,C,3.0,3
4655,651,4,2,84,A,5.0,3
4656,651,5,2,61,B,4.0,3
4657,651,4,3,71,A,5.0,3
4658,651,5,3,69,B,4.0,3
4659,651,4,4,90,A,5.0,3
4660,651,5,4,39,F,0.0,3
4661,652,1,1,56,C,3.0,3
4662,652,2,1,46,D,2.0,3
4663,652,3,1,78,A,5.0,3
4664,652,1,2,81,A,5.0,3
4665,652,2,2,93,A,5.0,3
4666,652,3,2,81,A,5.0,3
4667,652,1,3,76,A,5.0,3
4668,652,2,3,68,B,4.0,3
4669,652,3,3,66,B,4.0,3
4670,652,1,4,47,D,2.0,3
4671,652,2,4,88,A,5.0,3
4672,652,3,4,48,D,2.0,3
4673,653,4,1,71,A,5.0,3
4674,653,5,1,87,A,5.0,3
4675,653,4,2,65,B,4.0,3
4676,653,5,2,67,B,4.0,3
4677,653,4,3,57,C,3.0,3
4678,653,5,3,57,C,3.0,3
4679,653,4,4,74,A,5.0,3
4680,653,5,4,92,A,5.0,3
4681,654,1,1,70,A,5.0,3
4682,654,2,1,89,A,5.0,3
4683,654,3,1,43,E,1.0,3
4684,654,1,2,86,A,5.0,3
4685,654,2,2,39,F,0.0,3
4686,654,3,2,63,B,4.0,3
4687,654,1,3,62,B,4.0,3
4688,654,2,3,75,A,5.0,3
4689,654,3,3,59,C,3.0,3
4690,654,1,4,90,A,5.0,3
4691,654,2,4,39,F,0.0,3
4692,654,3,4,71,A,5.0,3
4693,655,7,1,40,E,1.0,3
4694,655,7,2,43,E,1.0,3
4695,655,7,3,85,A,5.0,3
4696,655,7,4,68,B,4.0,3
4697,656,4,1,54,C,3.0,3
4698,656,5,1,41,E,1.0,3
4699,656,4,2,42,E,1.0,3
4700,656,5,2,66,B,4.0,3
4701,656,4,3,49,D,2.0,3
4702,656,5,3,38,F,0.0,3
4703,656,4,4,73,A,5.0,3
4704,656,5,4,69,B,4.0,3
4705,657,4,1,56,C,3.0,3
4706,657,5,1,36,F,0.0,3
4707,657,4,2,49,D,2.0,3
4708,657,5,2,87,A,5.0,3
4709,657,4,3,95,A,5.0,3
4710,657,5,3,53,C,3.0,3
4711,657,4,4,94,A,5.0,3
4712,657,5,4,88,A,5.0,3
4713,658,7,1,51,C,3.0,3
4714,658,7,2,59,C,3.0,3
4715,658,7,3,80,A,5.0,3
4716,658,7,4,57,C,3.0,3
4717,659,7,1,39,F,0.0,3
4718,659,7,2,90,A,5.0,3
4719,659,7,3,90,A,5.0,3
4720,659,7,4,45,D,2.0,3
4721,660,4,1,53,C,3.0,3
4722,660,5,1,39,F,0.0,3
4723,660,4,2,69,B,4.0,3
4724,660,5,2,71,A,5.0,3
4725,660,4,3,50,C,3.0,3
4726,660,5,3,89,A,5.0,3
4727,660,4,4,68,B,4.0,3
4728,660,5,4,94,A,5.0,3
4729,661,6,1,74,A,5.0,3
4730,661,6,2,67,B,4.0,3
4731,661,6,3,54,C,3.0,3
4732,661,6,4,60,B,4.0,3
4733,662,4,1,74,A,5.0,3
4734,662,5,1,38,F,0.0,3
4735,662,4,2,69,B,4.0,3
4736,662,5,2,79,A,5.0,3
4737,662,4,3,92,A,5.0,3
4738,662,5,3,42,E,1.0,3
4739,662,4,4,72,A,5.0,3
4740,662,5,4,65,B,4.0,3
4741,663,6,1,94,A,5.0,3
4742,663,6,2,93,A,5.0,3
4743,663,6,3,51,C,3.0,3
4744,663,6,4,76,A,5.0,3
4745,664,4,1,36,F,0.0,3
4746,664,5,1,37,F,0.0,3
4747,664,4,2,56,C,3.0,3
4748,664,5,2,61,B,4.0,3
4749,664,4,3,51,C,3.0,3
4750,664,5,3,47,D,2.0,3
4751,664,4,4,56,C,3.0,3
4752,664,5,4,91,A,5.0,3
4753,665,1,1,83,A,5.0,3
4754,665,2,1,38,F,0.0,3
4755,665,3,1,43,E,1.0,3
4756,665,1,2,48,D,2.0,3
4757,665,2,2,70,A,5.0,3
4758,665,3,2,87,A,5.0,3
4759,665,1,3,81,A,5.0,3
4760,665,2,3,56,C,3.0,3
4761,665,3,3,94,A,5.0,3
4762,665,1,4,83,A,5.0,3
4763,665,2,4,77,A,5.0,3
4764,665,3,4,93,A,5.0,3
4765,666,6,1,91,A,5.0,3
4766,666,6,2,38,F,0.0,3
4767,666,6,3,50,C,3.0,3
4768,666,6,4,66,B,4.0,3
4769,667,7,1,39,F,0.0,3
4770,667,7,2,86,A,5.0,3
4771,667,7,3,95,A,5.0,3
4772,667,7,4,71,A,5.0,3
4773,668,7,1,92,A,5.0,3
4774,668,7,2,74,A,5.0,3
4775,668,7,3,79,A,5.0,3
4776,668,7,4,88,A,5.0,3
4777,669,4,1,83,A,5.0,3
4778,669,5,1,86,A,5.0,3
4779,669,4,2,37,F,0.0,3
4780,669,5,2,57,C,3.0,3
4781,669,4,3,39,F,0.0,3
4782,669,5,3,95,A,5.0,3
4783,669,4,4,61,B,4.0,3
4784,669,5,4,73,A,5.0,3
4785,670,1,1,82,A,5.0,3
4786,670,2,1,74,A,5.0,3
4787,670,3,1,94,A,5.0,3
4788,670,1,2,40,E,1.0,3
4789,670,2,2,91,A,5.0,3
4790,670,3,2,70,A,5.0,3
4791,670,1,3,65,B,4.0,3
4792,670,2,3,95,A,5.0,3
4793,670,3,3,43,E,1.0,3
4794,670,1,4,52,C,3.0,3
4795,670,2,4,81,A,5.0,3
4796,670,3,4,37,F,0.0,3
4797,671,4,1,41,E,1.0,3
4798,671,5,1,37,F,0.0,3
4799,671,4,2,66,B,4.0,3
4800,671,5,2,67,B,4.0,3
4801,671,4,3,49,D,2.0,3
4802,671,5,3,76,A,5.0,3
4803,671,4,4,57,C,3.0,3
4804,671,5,4,62,B,4.0,3
4805,672,4,1,65,B,4.0,3
4806,672,5,1,54,C,3.0,3
4807,672,4,2,85,A,5.0,3
4808,672,5,2,89,A,5.0,3
4809,672,4,3,91,A,5.0,3
4810,672,5,3,49,D,2.0,3
4811,672,4,4,36,F,0.0,3
4812,672,5,4,94,A,5.0,3
4813,673,6,1,38,F,0.0,3
4814,673,6,2,36,F,0.0,3
4815,673,6,3,84,A,5.0,3
4816,673,6,4,85,A,5.0,3
4817,674,1,1,86,A,5.0,3
4818,674,2,1,47,D,2.0,3
4819,674,3,1,69,B,4.0,3
4820,674,1,2,73,A,5.0,3
4821,674,2,2,90,A,5.0,3
4822,674,3,2,59,C,3.0,3
4823,674,1,3,78,A,5.0,3
4824,674,2,3,78,A,5.0,3
4825,674,3,3,82,A,5.0,3
4826,674,1,4,36,F,0.0,3
4827,674,2,4,70,A,5.0,3
4828,674,3,4,65,B,4.0,3
4829,675,4,1,38,F,0.0,3
4830,675,5,1,59,C,3.0,3
4831,675,4,2,84,A,5.0,3
4832,675,5,2,59,C,3.0,3
4833,675,4,3,79,A,5.0,3
4834,675,5,3,43,E,1.0,3
4835,675,4,4,62,B,4.0,3
4836,675,5,4,79,A,5.0,3
4837,676,1,1,62,B,4.0,3
4838,676,2,1,70,A,5.0,3
4839,676,3,1,43,E,1.0,3
4840,676,1,2,42,E,1.0,3
4841,676,2,2,63,B,4.0,3
4842,676,3,2,42,E,1.0,3
4843,676,1,3,92,A,5.0,3
4844,676,2,3,74,A,5.0,3
4845,676,3,3,92,A,5.0,3
4846,676,1,4,58,C,3.0,3
4847,676,2,4,57,C,3.0,3
4848,676,3,4,47,D,2.0,3
4849,677,1,1,56,C,3.0,3
4850,677,2,1,62,B,4.0,3
4851,677,3,1,93,A,5.0,3
4852,677,1,2,38,F,0.0,3
4853,677,2,2,50,C,3.0,3
4854,677,3,2,49,D,2.0,3
4855,677,1,3,40,E,1.0,3
4856,677,2,3,72,A,5.0,3
4857,677,3,3,35,F,0.0,3
4858,677,1,4,49,D,2.0,3
4859,677,2,4,61,B,4.0,3
4860,677,3,4,82,A,5.0,3
4861,678,4,1,83,A,5.0,3
4862,678,5,1,91,A,5.0,3
4863,678,4,2,86,A,5.0,3
4864,678,5,2,85,A,5.0,3
4865,678,4,3,69,B,4.0,3
4866,678,5,3,71,A,5.0,3
4867,678,4,4,37,F,0.0,3
4868,678,5,4,86,A,5.0,3
4869,679,1,1,35,F,0.0,3
4870,679,2,1,90,A,5.0,3
4871,679,3,1,81,A,5.0,3
4872,679,1,2,50,C,3.0,3
4873,679,2,2,87,A,5.0,3
4874,679,3,2,38,F,0.0,3
4875,679,1,3,39,F,0.0,3
4876,679,2,3,38,F,0.0,3
4877,679,3,3,43,E,1.0,3
4878,679,1,4,63,B,4.0,3
4879,679,2,4,46,D,2.0,3
4880,679,3,4,53,C,3.0,3
4881,680,1,1,37,F,0.0,3
4882,680,2,1,55,C,3.0,3
4883,680,3,1,57,C,3.0,3
4884,680,1,2,73,A,5.0,3
4885,680,2,2,76,A,5.0,3
4886,680,3,2,91,A,5.0,3
4887,680,1,3,50,C,3.0,3
4888,680,2,3,53,C,3.0,3
4889,680,3,3,43,E,1.0,3
4890,680,1,4,73,A,5.0,3
4891,680,2,4,60,B,4.0,3
4892,680,3,4,65,B,4.0,3
4893,681,6,1,77,A,5.0,3
4894,681,6,2,42,E,1.0,3
4895,681,6,3,77,A,5.0,3
4896,681,6,4,39,F,0.0,3
4897,682,6,1,39,F,0.0,3
4898,682,6,2,51,C,3.0,3
4899,682,6,3,95,A,5.0,3
4900,682,6,4,69,B,4.0,3
4901,683,1,1,48,D,2.0,3
4902,683,2,1,66,B,4.0,3
4903,683,3,1,80,A,5.0,3
4904,683,1,2,82,A,5.0,3
4905,683,2,2,87,A,5.0,3
4906,683,3,2,57,C,3.0,3
4907,683,1,3,92,A,5.0,3
4908,683,2,3,93,A,5.0,3
4909,683,3,3,89,A,5.0,3
4910,683,1,4,49,D,2.0,3
4911,683,2,4,63,B,4.0,3
4912,683,3,4,80,A,5.0,3
4913,684,4,1,54,C,3.0,3
4914,684,5,1,95,A,5.0,3
4915,684,4,2,58,C,3.0,3
4916,684,5,2,84,A,5.0,3
4917,684,4,3,70,A,5.0,3
4918,684,5,3,53,C,3.0,3
4919,684,4,4,90,A,5.0,3
4920,684,5,4,76,A,5.0,3
4921,685,1,1,50,C,3.0,3
4922,685,2,1,68,B,4.0,3
4923,685,3,1,92,A,5.0,3
4924,685,1,2,52,C,3.0,3
4925,685,2,2,55,C,3.0,3
4926,685,3,2,79,A,5.0,3
4927,685,1,3,69,B,4.0,3
4928,685,2,3,67,B,4.0,3
4929,685,3,3,41,E,1.0,3
4930,685,1,4,38,F,0.0,3
4931,685,2,4,57,C,3.0,3
4932,685,3,4,92,A,5.0,3
4933,686,7,1,61,B,4.0,3
4934,686,7,2,80,A,5.0,3
4935,686,7,3,95,A,5.0,3
4936,686,7,4,74,A,5.0,3
4937,687,7,1,66,B,4.0,3
4938,687,7,2,52,C,3.0,3
4939,687,7,3,40,E,1.0,3
4940,687,7,4,48,D,2.0,3
4941,688,7,1,93,A,5.0,3
4942,688,7,2,43,E,1.0,3
4943,688,7,3,88,A,5.0,3
4944,688,7,4,68,B,4.0,3
4945,689,6,1,49,D,2.0,3
4946,689,6,2,54,C,3.0,3
4947,689,6,3,82,A,5.0,3
4948,689,6,4,70,A,5.0,3
4949,690,7,1,48,D,2.0,3
4950,690,7,2,42,E,1.0,3
4951,690,7,3,58,C,3.0,3
4952,690,7,4,81,A,5.0,3
4953,691,7,1,87,A,5.0,3
4954,691,7,2,85,A,5.0,3
4955,691,7,3,44,E,1.0,3
4956,691,7,4,37,F,0.0,3
4957,692,7,1,50,C,3.0,3
4958,692,7,2,79,A,5.0,3
4959,692,7,3,63,B,4.0,3
4960,692,7,4,76,A,5.0,3
4961,693,1,1,83,A,5.0,3
4962,693,2,1,64,B,4.0,3
4963,693,3,1,95,A,5.0,3
4964,693,1,2,42,E,1.0,3
4965,693,2,2,36,F,0.0,3
4966,693,3,2,66,B,4.0,3
4967,693,1,3,88,A,5.0,3
4968,693,2,3,37,F,0.0,3
4969,693,3,3,52,C,3.0,3
4970,693,1,4,52,C,3.0,3
4971,693,2,4,72,A,5.0,3
4972,693,3,4,59,C,3.0,3
4973,694,4,1,54,C,3.0,3
4974,694,5,1,87,A,5.0,3
4975,694,4,2,40,E,1.0,3
4976,694,5,2,38,F,0.0,3
4977,694,4,3,52,C,3.0,3
4978,694,5,3,89,A,5.0,3
4979,694,4,4,74,A,5.0,3
4980,694,5,4,59,C,3.0,3
4981,695,1,1,66,B,4.0,3
4982,695,2,1,36,F,0.0,3
4983,695,3,1,90,A,5.0,3
4984,695,1,2,59,C,3.0,3
4985,695,2,2,59,C,3.0,3
4986,695,3,2,63,B,4.0,3
4987,695,1,3,37,F,0.0,3
4988,695,2,3,49,D,2.0,3
4989,695,3,3,48,D,2.0,3
4990,695,1,4,59,C,3.0,3
4991,695,2,4,46,D,2.0,3
4992,695,3,4,77,A,5.0,3
4993,696,6,1,62,B,4.0,3
4994,696,6,2,69,B,4.0,3
4995,696,6,3,38,F,0.0,3
4996,696,6,4,77,A,5.0,3
4997,697,4,1,54,C,3.0,3
4998,697,5,1,37,F,0.0,3
4999,697,4,2,69,B,4.0,3
5000,697,5,2,83,A,5.0,3
5001,697,4,3,57,C,3.0,3
5002,697,5,3,94,A,5.0,3
5003,697,4,4,36,F,0.0,3
5004,697,5,4,93,A,5.0,3
5005,698,4,1,73,A,5.0,3
5006,698,5,1,83,A,5.0,3
5007,698,4,2,92,A,5.0,3
5008,698,5,2,56,C,3.0,3
5009,698,4,3,94,A,5.0,3
5010,698,5,3,88,A,5.0,3
5011,698,4,4,93,A,5.0,3
5012,698,5,4,51,C,3.0,3
5013,699,1,1,86,A,5.0,3
5014,699,2,1,83,A,5.0,3
5015,699,3,1,72,A,5.0,3
5016,699,1,2,48,D,2.0,3
5017,699,2,2,83,A,5.0,3
5018,699,3,2,36,F,0.0,3
5019,699,1,3,56,C,3.0,3
5020,699,2,3,81,A,5.0,3
5021,699,3,3,88,A,5.0,3
5022,699,1,4,74,A,5.0,3
5023,699,2,4,62,B,4.0,3
5024,699,3,4,90,A,5.0,3
5025,700,1,1,62,B,4.0,3
5026,700,2,1,85,A,5.0,3
5027,700,3,1,81,A,5.0,3
5028,700,1,2,94,A,5.0,3
5029,700,2,2,82,A,5.0,3
5030,700,3,2,83,A,5.0,3
5031,700,1,3,38,F,0.0,3
5032,700,2,3,86,A,5.0,3
5033,700,3,3,41,E,1.0,3
5034,700,1,4,70,A,5.0,3
5035,700,2,4,59,C,3.0,3
5036,700,3,4,95,A,5.0,3
5037,701,7,1,81,A,5.0,3
5038,701,7,2,94,A,5.0,3
5039,701,7,3,78,A,5.0,3
5040,701,7,4,53,C,3.0,3
5041,702,7,1,89,A,5.0,3
5042,702,7,2,95,A,5.0,3
5043,702,7,3,69,B,4.0,3
5044,702,7,4,64,B,4.0,3
5045,703,7,1,62,B,4.0,3
5046,703,7,2,71,A,5.0,3
5047,703,7,3,81,A,5.0,3
5048,703,7,4,71,A,5.0,3
5049,704,7,1,84,A,5.0,3
5050,704,7,2,68,B,4.0,3
5051,704,7,3,51,C,3.0,3
5052,704,7,4,45,D,2.0,3
5053,705,7,1,59,C,3.0,3
5054,705,7,2,64,B,4.0,3
5055,705,7,3,82,A,5.0,3
5056,705,7,4,94,A,5.0,3
5057,706,6,1,50,C,3.0,3
5058,706,6,2,43,E,1.0,3
5059,706,6,3,93,A,5.0,3
5060,706,6,4,35,F,0.0,3
5061,707,7,1,52,C,3.0,3
5062,707,7,2,86,A,5.0,3
5063,707,7,3,78,A,5.0,3
5064,707,7,4,95,A,5.0,3
5065,708,1,1,52,C,3.0,3
5066,708,2,1,40,E,1.0,3
5067,708,3,1,50,C,3.0,3
5068,708,1,2,84,A,5.0,3
5069,708,2,2,69,B,4.0,3
5070,708,3,2,53,C,3.0,3
5071,708,1,3,56,C,3.0,3
5072,708,2,3,71,A,5.0,3
5073,708,3,3,60,B,4.0,3
5074,708,1,4,37,F,0.0,3
5075,708,2,4,74,A,5.0,3
5076,708,3,4,52,C,3.0,3
5077,709,1,1,58,C,3.0,3
5078,709,2,1,52,C,3.0,3
5079,709,3,1,77,A,5.0,3
5080,709,1,2,51,C,3.0,3
5081,709,2,2,85,A,5.0,3
5082,709,3,2,76,A,5.0,3
5083,709,1,3,86,A,5.0,3
5084,709,2,3,84,A,5.0,3
5085,709,3,3,73,A,5.0,3
5086,709,1,4,35,F,0.0,3
5087,709,2,4,42,E,1.0,3
5088,709,3,4,54,C,3.0,3
5089,710,1,1,71,A,5.0,3
5090,710,2,1,77,A,5.0,3
5091,710,3,1,55,C,3.0,3
5092,710,1,2,88,A,5.0,3
5093,710,2,2,51,C,3.0,3
5094,710,3,2,89,A,5.0,3
5095,710,1,3,46,D,2.0,3
5096,710,2,3,63,B,4.0,3
5097,710,3,3,64,B,4.0,3
5098,710,1,4,36,F,0.0,3
5099,710,2,4,63,B,4.0,3
5100,710,3,4,35,F,0.0,3
5101,711,7,1,64,B,4.0,3
5102,711,7,2,37,F,0.0,3
5103,711,7,3,57,C,3.0,3
5104,711,7,4,65,B,4.0,3
5105,712,1,1,75,A,5.0,3
5106,712,2,1,89,A,5.0,3
5107,712,3,1,70,A,5.0,3
5108,712,1,2,48,D,2.0,3
5109,712,2,2,61,B,4.0,3
5110,712,3,2,38,F,0.0,3
5111,712,1,3,72,A,5.0,3
5112,712,2,3,95,A,5.0,3
5113,712,3,3,40,E,1.0,3
5114,712,1,4,52,C,3.0,3
5115,712,2,4,92,A,5.0,3
5116,712,3,4,74,A,5.0,3
5117,713,7,1,70,A,5.0,3
5118,713,7,2,55,C,3.0,3
5119,713,7,3,39,F,0.0,3
5120,713,7,4,63,B,4.0,3
5121,714,6,1,46,D,2.0,3
5122,714,6,2,51,C,3.0,3
5123,714,6,3,84,A,5.0,3
5124,714,6,4,85,A,5.0,3
5125,715,6,1,52,C,3.0,3
5126,715,6,2,51,C,3.0,3
5127,715,6,3,90,A,5.0,3
5128,715,6,4,66,B,4.0,3
5129,716,1,1,43,E,1.0,3
5130,716,2,1,49,D,2.0,3
5131,716,3,1,75,A,5.0,3
5132,716,1,2,46,D,2.0,3
5133,716,2,2,44,E,1.0,3
5134,716,3,2,90,A,5.0,3
5135,716,1,3,74,A,5.0,3
5136,716,2,3,76,A,5.0,3
5137,716,3,3,38,F,0.0,3
5138,716,1,4,49,D,2.0,3
5139,716,2,4,42,E,1.0,3
5140,716,3,4,76,A,5.0,3
5141,717,7,1,37,F,0.0,3
5142,717,7,2,46,D,2.0,3
5143,717,7,3,78,A,5.0,3
5144,717,7,4,67,B,4.0,3
5145,718,1,1,90,A,5.0,3
5146,718,2,1,63,B,4.0,3
5147,718,3,1,72,A,5.0,3
5148,718,1,2,55,C,3.0,3
5149,718,2,2,37,F,0.0,3
5150,718,3,2,70,A,5.0,3
5151,718,1,3,80,A,5.0,3
5152,718,2,3,49,D,2.0,3
5153,718,3,3,38,F,0.0,3
5154,718,1,4,95,A,5.0,3
5155,718,2,4,80,A,5.0,3
5156,718,3,4,51,C,3.0,3
5157,719,7,1,51,C,3.0,3
5158,719,7,2,36,F,0.0,3
5159,719,7,3,78,A,5.0,3
5160,719,7,4,89,A,5.0,3
5161,720,7,1,89,A,5.0,3
5162,720,7,2,89,A,5.0,3
5163,720,7,3,57,C,3.0,3
5164,720,7,4,69,B,4.0,3
5165,721,6,1,80,A,5.0,3
5166,721,6,2,37,F,0.0,3
5167,721,6,3,73,A,5.0,3
5168,721,6,4,50,C,3.0,3
5169,722,4,1,57,C,3.0,3
5170,722,5,1,41,E,1.0,3
5171,722,4,2,39,F,0.0,3
5172,722,5,2,67,B,4.0,3
5173,722,4,3,63,B,4.0,3
5174,722,5,3,42,E,1.0,3
5175,722,4,4,67,B,4.0,3
5176,722,5,4,39,F,0.0,3
5177,723,1,1,50,C,3.0,3
5178,723,2,1,48,D,2.0,3
5179,723,3,1,55,C,3.0,3
5180,723,1,2,71,A,5.0,3
5181,723,2,2,58,C,3.0,3
5182,723,3,2,88,A,5.0,3
5183,723,1,3,87,A,5.0,3
5184,723,2,3,78,A,5.0,3
5185,723,3,3,61,B,4.0,3
5186,723,1,4,39,F,0.0,3
5187,723,2,4,76,A,5.0,3
5188,723,3,4,62,B,4.0,3
5189,724,6,1,91,A,5.0,3
5190,724,6,2,53,C,3.0,3
5191,724,6,3,44,E,1.0,3
5192,724,6,4,36,F,0.0,3
5193,725,4,1,55,C,3.0,3
5194,725,5,1,73,A,5.0,3
5195,725,4,2,85,A,5.0,3
5196,725,5,2,58,C,3.0,3
5197,725,4,3,56,C,3.0,3
5198,725,5,3,61,B,4.0,3
5199,725,4,4,92,A,5.0,3
5200,725,5,4,76,A,5.0,3
5201,726,1,1,58,C,3.0,3
5202,726,2,1,65,B,4.0,3
5203,726,3,1,95,A,5.0,3
5204,726,1,2,53,C,3.0,3
5205,726,2,2,74,A,5.0,3
5206,726,3,2,36,F,0.0,3
5207,726,1,3,45,D,2.0,3
5208,726,2,3,58,C,3.0,3
5209,726,3,3,37,F,0.0,3
5210,726,1,4,53,C,3.0,3
5211,726,2,4,94,A,5.0,3
5212,726,3,4,44,E,1.0,3
5213,727,6,1,93,A,5.0,3
5214,727,6,2,72,A,5.0,3
5215,727,6,3,36,F,0.0,3
5216,727,6,4,41,E,1.0,3
5217,728,1,1,73,A,5.0,3
5218,728,2,1,48,D,2.0,3
5219,728,3,1,86,A,5.0,3
5220,728,1,2,55,C,3.0,3
5221,728,2,2,67,B,4.0,3
5222,728,3,2,80,A,5.0,3
5223,728,1,3,84,A,5.0,3
5224,728,2,3,82,A,5.0,3
5225,728,3,3,67,B,4.0,3
5226,728,1,4,85,A,5.0,3
5227,728,2,4,72,A,5.0,3
5228,728,3,4,80,A,5.0,3
5229,729,7,1,57,C,3.0,3
5230,729,7,2,95,A,5.0,3
5231,729,7,3,48,D,2.0,3
5232,729,7,4,59,C,3.0,3
5233,730,4,1,88,A,5.0,3
5234,730,5,1,72,A,5.0,3
5235,730,4,2,37,F,0.0,3
5236,730,5,2,77,A,5.0,3
5237,730,4,3,81,A,5.0,3
5238,730,5,3,44,E,1.0,3
5239,730,4,4,59,C,3.0,3
5240,730,5,4,83,A,5.0,3
5241,731,1,1,76,A,5.0,3
5242,731,2,1,40,E,1.0,3
5243,731,3,1,39,F,0.0,3
5244,731,1,2,94,A,5.0,3
5245,731,2,2,49,D,2.0,3
5246,731,3,2,71,A,5.0,3
5247,731,1,3,67,B,4.0,3
5248,731,2,3,71,A,5.0,3
5249,731,3,3,75,A,5.0,3
5250,731,1,4,70,A,5.0,3
5251,731,2,4,81,A,5.0,3
5252,731,3,4,61,B,4.0,3
5253,732,1,1,69,B,4.0,3
5254,732,2,1,81,A,5.0,3
5255,732,3,1,42,E,1.0,3
5256,732,1,2,89,A,5.0,3
5257,732,2,2,91,A,5.0,3
5258,732,3,2,68,B,4.0,3
5259,732,1,3,86,A,5.0,3
5260,732,2,3,38,F,0.0,3
5261,732,3,3,73,A,5.0,3
5262,732,1,4,65,B,4.0,3
5263,732,2,4,77,A,5.0,3
5264,732,3,4,68,B,4.0,3
5265,733,7,1,68,B,4.0,3
5266,733,7,2,63,B,4.0,3
5267,733,7,3,55,C,3.0,3
5268,733,7,4,52,C,3.0,3
5269,734,7,1,47,D,2.0,3
5270,734,7,2,88,A,5.0,3
5271,734,7,3,71,A,5.0,3
5272,734,7,4,53,C,3.0,3
5273,735,1,1,93,A,5.0,3
5274,735,2,1,50,C,3.0,3
5275,735,3,1,56,C,3.0,3
5276,735,1,2,50,C,3.0,3
5277,735,2,2,86,A,5.0,3
5278,735,3,2,84,A,5.0,3
5279,735,1,3,58,C,3.0,3
5280,735,2,3,49,D,2.0,3
5281,735,3,3,64,B,4.0,3
5282,735,1,4,55,C,3.0,3
5283,735,2,4,82,A,5.0,3
5284,735,3,4,42,E,1.0,3
5285,736,4,1,79,A,5.0,3
5286,736,5,1,50,C,3.0,3
5287,736,4,2,63,B,4.0,3
5288,736,5,2,81,A,5.0,3
5289,736,4,3,91,A,5.0,3
5290,736,5,3,61,B,4.0,3
5291,736,4,4,58,C,3.0,3
5292,736,5,4,40,E,1.0,3
5293,737,6,1,57,C,3.0,3
5294,737,6,2,70,A,5.0,3
5295,737,6,3,67,B,4.0,3
5296,737,6,4,39,F,0.0,3
5297,738,4,1,93,A,5.0,3
5298,738,5,1,58,C,3.0,3
5299,738,4,2,76,A,5.0,3
5300,738,5,2,65,B,4.0,3
5301,738,4,3,73,A,5.0,3
5302,738,5,3,49,D,2.0,3
5303,738,4,4,63,B,4.0,3
5304,738,5,4,85,A,5.0,3
5305,739,1,1,61,B,4.0,3
5306,739,2,1,49,D,2.0,3
5307,739,3,1,71,A,5.0,3
5308,739,1,2,87,A,5.0,3
5309,739,2,2,87,A,5.0,3
5310,739,3,2,43,E,1.0,3
5311,739,1,3,94,A,5.0,3
5312,739,2,3,69,B,4.0,3
5313,739,3,3,50,C,3.0,3
5314,739,1,4,84,A,5.0,3
5315,739,2,4,93,A,5.0,3
5316,739,3,4,61,B,4.0,3
5317,740,4,1,78,A,5.0,3
5318,740,5,1,72,A,5.0,3
5319,740,4,2,77,A,5.0,3
5320,740,5,2,43,E,1.0,3
5321,740,4,3,73,A,5.0,3
5322,740,5,3,51,C,3.0,3
5323,740,4,4,85,A,5.0,3
5324,740,5,4,53,C,3.0,3
5325,741,1,1,56,C,3.0,3
5326,741,2,1,55,C,3.0,3
5327,741,3,1,42,E,1.0,3
5328,741,1,2,40,E,1.0,3
5329,741,2,2,61,B,4.0,3
5330,741,3,2,61,B,4.0,3
5331,741,1,3,67,B,4.0,3
5332,741,2,3,44,E,1.0,3
5333,741,3,3,71,A,5.0,3
5334,741,1,4,66,B,4.0,3
5335,741,2,4,75,A,5.0,3
5336,741,3,4,91,A,5.0,3
5337,742,4,1,84,A,5.0,3
5338,742,5,1,47,D,2.0,3
5339,742,4,2,92,A,5.0,3
5340,742,5,2,46,D,2.0,3
5341,742,4,3,91,A,5.0,3
5342,742,5,3,64,B,4.0,3
5343,742,4,4,35,F,0.0,3
5344,742,5,4,45,D,2.0,3
5345,743,1,1,42,E,1.0,3
5346,743,2,1,61,B,4.0,3
5347,743,3,1,51,C,3.0,3
5348,743,1,2,83,A,5.0,3
5349,743,2,2,70,A,5.0,3
5350,743,3,2,80,A,5.0,3
5351,743,1,3,94,A,5.0,3
5352,743,2,3,65,B,4.0,3
5353,743,3,3,82,A,5.0,3
5354,743,1,4,41,E,1.0,3
5355,743,2,4,43,E,1.0,3
5356,743,3,4,90,A,5.0,3
5357,744,6,1,37,F,0.0,3
5358,744,6,2,88,A,5.0,3
5359,744,6,3,62,B,4.0,3
5360,744,6,4,36,F,0.0,3
5361,745,6,1,79,A,5.0,3
5362,745,6,2,45,D,2.0,3
5363,745,6,3,39,F,0.0,3
5364,745,6,4,43,E,1.0,3
5365,746,7,1,67,B,4.0,3
5366,746,7,2,90,A,5.0,3
5367,746,7,3,68,B,4.0,3
5368,746,7,4,93,A,5.0,3
5369,747,1,1,59,C,3.0,3
5370,747,2,1,92,A,5.0,3
5371,747,3,1,62,B,4.0,3
5372,747,1,2,57,C,3.0,3
5373,747,2,2,43,E,1.0,3
5374,747,3,2,60,B,4.0,3
5375,747,1,3,79,A,5.0,3
5376,747,2,3,70,A,5.0,3
5377,747,3,3,50,C,3.0,3
5378,747,1,4,80,A,5.0,3
5379,747,2,4,53,C,3.0,3
5380,747,3,4,42,E,1.0,3
5381,748,7,1,56,C,3.0,3
5382,748,7,2,92,A,5.0,3
5383,748,7,3,87,A,5.0,3
5384,748,7,4,92,A,5.0,3
5385,749,7,1,56,C,3.0,3
5386,749,7,2,72,A,5.0,3
5387,749,7,3,73,A,5.0,3
5388,749,7,4,74,A,5.0,3
5389,750,6,1,41,E,1.0,3
5390,750,6,2,81,A,5.0,3
5391,750,6,3,37,F,0.0,3
5392,750,6,4,39,F,0.0,3
5393,751,4,1,82,A,5.0,3
5394,751,5,1,93,A,5.0,3
5395,751,4,2,57,C,3.0,3
5396,751,5,2,95,A,5.0,3
5397,751,4,3,63,B,4.0,3
5398,751,5,3,93,A,5.0,3
5399,751,4,4,61,B,4.0,3
5400,751,5,4,75,A,5.0,3
5401,752,7,1,63,B,4.0,3
5402,752,7,2,82,A,5.0,3
5403,752,7,3,88,A,5.0,3
5404,752,7,4,62,B,4.0,3
5405,753,7,1,53,C,3.0,3
5406,753,7,2,83,A,5.0,3
5407,753,7,3,65,B,4.0,3
5408,753,7,4,79,A,5.0,3
5409,754,4,1,43,E,1.0,3
5410,754,5,1,81,A,5.0,3
5411,754,4,2,46,D,2.0,3
5412,754,5,2,81,A,5.0,3
5413,754,4,3,84,A,5.0,3
5414,754,5,3,72,A,5.0,3
5415,754,4,4,93,A,5.0,3
5416,754,5,4,87,A,5.0,3
5417,755,6,1,94,A,5.0,3
5418,755,6,2,67,B,4.0,3
5419,755,6,3,40,E,1.0,3
5420,755,6,4,44,E,1.0,3
5421,756,4,1,92,A,5.0,3
5422,756,5,1,35,F,0.0,3
5423,756,4,2,72,A,5.0,3
5424,756,5,2,72,A,5.0,3
5425,756,4,3,58,C,3.0,3
5426,756,5,3,78,A,5.0,3
5427,756,4,4,76,A,5.0,3
5428,756,5,4,64,B,4.0,3
5429,757,1,1,59,C,3.0,3
5430,757,2,1,55,C,3.0,3
5431,757,3,1,63,B,4.0,3
5432,757,1,2,46,D,2.0,3
5433,757,2,2,67,B,4.0,3
5434,757,3,2,81,A,5.0,3
5435,757,1,3,72,A,5.0,3
5436,757,2,3,52,C,3.0,3
5437,757,3,3,95,A,5.0,3
5438,757,1,4,84,A,5.0,3
5439,757,2,4,41,E,1.0,3
5440,757,3,4,49,D,2.0,3
5441,758,6,1,54,C,3.0,3
5442,758,6,2,66,B,4.0,3
5443,758,6,3,56,C,3.0,3
5444,758,6,4,38,F,0.0,3
5445,759,1,1,71,A,5.0,3
5446,759,2,1,68,B,4.0,3
5447,759,3,1,92,A,5.0,3
5448,759,1,2,68,B,4.0,3
5449,759,2,2,72,A,5.0,3
5450,759,3,2,67,B,4.0,3
5451,759,1,3,89,A,5.0,3
5452,759,2,3,94,A,5.0,3
5453,759,3,3,62,B,4.0,3
5454,759,1,4,53,C,3.0,3
5455,759,2,4,55,C,3.0,3
5456,759,3,4,59,C,3.0,3
5457,760,7,1,55,C,3.0,3
5458,760,7,2,83,A,5.0,3
5459,760,7,3,46,D,2.0,3
5460,760,7,4,44,E,1.0,3
5461,761,1,1,37,F,0.0,3
5462,761,2,1,87,A,5.0,3
5463,761,3,1,95,A,5.0,3
5464,761,1,2,82,A,5.0,3
5465,761,2,2,91,A,5.0,3
5466,761,3,2,81,A,5.0,3
5467,761,1,3,48,D,2.0,3
5468,761,2,3,62,B,4.0,3
5469,761,3,3,68,B,4.0,3
5470,761,1,4,52,C,3.0,3
5471,761,2,4,71,A,5.0,3
5472,761,3,4,91,A,5.0,3
5473,762,1,1,74,A,5.0,3
5474,762,2,1,55,C,3.0,3
5475,762,3,1,41,E,1.0,3
5476,762,1,2,57,C,3.0,3
5477,762,2,2,53,C,3.0,3
5478,762,3,2,45,D,2.0,3
5479,762,1,3,42,E,1.0,3
5480,762,2,3,53,C,3.0,3
5481,762,3,3,52,C,3.0,3
5482,762,1,4,66,B,4.0,3
5483,762,2,4,63,B,4.0,3
5484,762,3,4,49,D,2.0,3
5485,763,1,1,91,A,5.0,3
5486,763,2,1,45,D,2.0,3
5487,763,3,1,53,C,3.0,3
5488,763,1,2,95,A,5.0,3
5489,763,2,2,93,A,5.0,3
5490,763,3,2,51,C,3.0,3
5491,763,1,3,73,A,5.0,3
5492,763,2,3,83,A,5.0,3
5493,763,3,3,41,E,1.0,3
5494,763,1,4,94,A,5.0,3
5495,763,2,4,49,D,2.0,3
5496,763,3,4,77,A,5.0,3
5497,764,7,1,52,C,3.0,3
5498,764,7,2,44,E,1.0,3
5499,764,7,3,41,E,1.0,3
5500,764,7,4,48,D,2.0,3
5501,765,4,1,70,A,5.0,3
5502,765,5,1,88,A,5.0,3
5503,765,4,2,67,B,4.0,3
5504,765,5,2,83,A,5.0,3
5505,765,4,3,45,D,2.0,3
5506,765,5,3,36,F,0.0,3
5507,765,4,4,73,A,5.0,3
5508,765,5,4,92,A,5.0,3
5509,766,6,1,37,F,0.0,3
5510,766,6,2,92,A,5.0,3
5511,766,6,3,69,B,4.0,3
5512,766,6,4,69,B,4.0,3
5513,767,4,1,86,A,5.0,3
5514,767,5,1,47,D,2.0,3
5515,767,4,2,35,F,0.0,3
5516,767,5,2,66,B,4.0,3
5517,767,4,3,88,A,5.0,3
5518,767,5,3,87,A,5.0,3
5519,767,4,4,36,F,0.0,3
5520,767,5,4,58,C,3.0,3
5521,768,1,1,48,D,2.0,3
5522,768,2,1,53,C,3.0,3
5523,768,3,1,95,A,5.0,3
5524,768,1,2,95,A,5.0,3
5525,768,2,2,71,A,5.0,3
5526,768,3,2,62,B,4.0,3
5527,768,1,3,81,A,5.0,3
5528,768,2,3,63,B,4.0,3
5529,768,3,3,68,B,4.0,3
5530,768,1,4,43,E,1.0,3
5531,768,2,4,88,A,5.0,3
5532,768,3,4,64,B,4.0,3
5533,769,6,1,53,C,3.0,3
5534,769,6,2,93,A,5.0,3
5535,769,6,3,42,E,1.0,3
5536,769,6,4,80,A,5.0,3
5537,770,1,1,80,A,5.0,3
5538,770,2,1,93,A,5.0,3
5539,770,3,1,89,A,5.0,3
5540,770,1,2,42,E,1.0,3
5541,770,2,2,63,B,4.0,3
5542,770,3,2,91,A,5.0,3
5543,770,1,3,62,B,4.0,3
5544,770,2,3,66,B,4.0,3
5545,770,3,3,51,C,3.0,3
5546,770,1,4,40,E,1.0,3
5547,770,2,4,90,A,5.0,3
5548,770,3,4,43,E,1.0,3
5549,771,6,1,52,C,3.0,3
5550,771,6,2,81,A,5.0,3
5551,771,6,3,77,A,5.0,3
5552,771,6,4,42,E,1.0,3
5553,772,6,1,57,C,3.0,3
5554,772,6,2,86,A,5.0,3
5555,772,6,3,40,E,1.0,3
5556,772,6,4,82,A,5.0,3
5557,773,7,1,85,A,5.0,3
5558,773,7,2,49,D,2.0,3
5559,773,7,3,81,A,5.0,3
5560,773,7,4,39,F,0.0,3
5561,774,6,1,55,C,3.0,3
5562,774,6,2,45,D,2.0,3
5563,774,6,3,67,B,4.0,3
5564,774,6,4,56,C,3.0,3
5565,775,6,1,52,C,3.0,3
5566,775,6,2,64,B,4.0,3
5567,775,6,3,75,A,5.0,3
5568,775,6,4,82,A,5.0,3
5569,776,4,1,67,B,4.0,3
5570,776,5,1,78,A,5.0,3
5571,776,4,2,84,A,5.0,3
5572,776,5,2,39,F,0.0,3
5573,776,4,3,80,A,5.0,3
5574,776,5,3,79,A,5.0,3
5575,776,4,4,55,C,3.0,3
5576,776,5,4,92,A,5.0,3
5577,777,6,1,94,A,5.0,3
5578,777,6,2,37,F,0.0,3
5579,777,6,3,62,B,4.0,3
5580,777,6,4,41,E,1.0,3
5581,778,6,1,94,A,5.0,3
5582,778,6,2,80,A,5.0,3
5583,778,6,3,85,A,5.0,3
5584,778,6,4,68,B,4.0,3
5585,779,6,1,55,C,3.0,3
5586,779,6,2,47,D,2.0,3
5587,779,6,3,88,A,5.0,3
5588,779,6,4,70,A,5.0,3
5589,780,6,1,77,A,5.0,3
5590,780,6,2,88,A,5.0,3
5591,780,6,3,91,A,5.0,3
5592,780,6,4,75,A,5.0,3
5593,781,6,1,37,F,0.0,3
5594,781,6,2,95,A,5.0,3
5595,781,6,3,75,A,5.0,3
5596,781,6,4,75,A,5.0,3
5597,782,4,1,35,F,0.0,3
5598,782,5,1,50,C,3.0,3
5599,782,4,2,43,E,1.0,3
5600,782,5,2,72,A,5.0,3
5601,782,4,3,59,C,3.0,3
5602,782,5,3,90,A,5.0,3
5603,782,4,4,95,A,5.0,3
5604,782,5,4,49,D,2.0,3
5605,783,6,1,78,A,5.0,3
5606,783,6,2,47,D,2.0,3
5607,783,6,3,51,C,3.0,3
5608,783,6,4,65,B,4.0,3
5609,784,1,1,44,E,1.0,3
5610,784,2,1,66,B,4.0,3
5611,784,3,1,87,A,5.0,3
5612,784,1,2,46,D,2.0,3
5613,784,2,2,81,A,5.0,3
5614,784,3,2,66,B,4.0,3
5615,784,1,3,53,C,3.0,3
5616,784,2,3,43,E,1.0,3
5617,784,3,3,47,D,2.0,3
5618,784,1,4,75,A,5.0,3
5619,784,2,4,91,A,5.0,3
5620,784,3,4,40,E,1.0,3
5621,785,6,1,95,A,5.0,3
5622,785,6,2,68,B,4.0,3
5623,785,6,3,89,A,5.0,3
5624,785,6,4,81,A,5.0,3
5625,786,1,1,82,A,5.0,3
5626,786,2,1,48,D,2.0,3
5627,786,3,1,35,F,0.0,3
5628,786,1,2,62,B,4.0,3
5629,786,2,2,39,F,0.0,3
5630,786,3,2,66,B,4.0,3
5631,786,1,3,70,A,5.0,3
5632,786,2,3,74,A,5.0,3
5633,786,3,3,48,D,2.0,3
5634,786,1,4,80,A,5.0,3
5635,786,2,4,46,D,2.0,3
5636,786,3,4,37,F,0.0,3
5637,787,6,1,61,B,4.0,3
5638,787,6,2,79,A,5.0,3
5639,787,6,3,51,C,3.0,3
5640,787,6,4,74,A,5.0,3
5641,788,4,1,59,C,3.0,3
5642,788,5,1,75,A,5.0,3
5643,788,4,2,72,A,5.0,3
5644,788,5,2,50,C,3.0,3
5645,788,4,3,75,A,5.0,3
5646,788,5,3,57,C,3.0,3
5647,788,4,4,65,B,4.0,3
5648,788,5,4,68,B,4.0,3
5649,789,6,1,77,A,5.0,3
5650,789,6,2,46,D,2.0,3
5651,789,6,3,91,A,5.0,3
5652,789,6,4,54,C,3.0,3
5653,790,7,1,88,A,5.0,3
5654,790,7,2,49,D,2.0,3
5655,790,7,3,91,A,5.0,3
5656,790,7,4,53,C,3.0,3
5657,791,4,1,77,A,5.0,3
5658,791,5,1,66,B,4.0,3
5659,791,4,2,66,B,4.0,3
5660,791,5,2,85,A,5.0,3
5661,791,4,3,75,A,5.0,3
5662,791,5,3,60,B,4.0,3
5663,791,4,4,73,A,5.0,3
5664,791,5,4,57,C,3.0,3
5665,792,4,1,69,B,4.0,3
5666,792,5,1,65,B,4.0,3
5667,792,4,2,53,C,3.0,3
5668,792,5,2,41,E,1.0,3
5669,792,4,3,49,D,2.0,3
5670,792,5,3,42,E,1.0,3
5671,792,4,4,91,A,5.0,3
5672,792,5,4,92,A,5.0,3
5673,793,1,1,83,A,5.0,3
5674,793,2,1,83,A,5.0,3
5675,793,3,1,53,C,3.0,3
5676,793,1,2,61,B,4.0,3
5677,793,2,2,63,B,4.0,3
5678,793,3,2,55,C,3.0,3
5679,793,1,3,50,C,3.0,3
5680,793,2,3,77,A,5.0,3
5681,793,3,3,62,B,4.0,3
5682,793,1,4,42,E,1.0,3
5683,793,2,4,46,D,2.0,3
5684,793,3,4,64,B,4.0,3
5685,794,4,1,55,C,3.0,3
5686,794,5,1,77,A,5.0,3
5687,794,4,2,42,E,1.0,3
5688,794,5,2,57,C,3.0,3
5689,794,4,3,79,A,5.0,3
5690,794,5,3,60,B,4.0,3
5691,794,4,4,80,A,5.0,3
5692,794,5,4,43,E,1.0,3
5693,795,7,1,84,A,5.0,3
5694,795,7,2,91,A,5.0,3
5695,795,7,3,65,B,4.0,3
5696,795,7,4,88,A,5.0,3
5697,796,1,1,86,A,5.0,3
5698,796,2,1,90,A,5.0,3
5699,796,3,1,66,B,4.0,3
5700,796,1,2,73,A,5.0,3
5701,796,2,2,61,B,4.0,3
5702,796,3,2,78,A,5.0,3
5703,796,1,3,50,C,3.0,3
5704,796,2,3,36,F,0.0,3
5705,796,3,3,53,C,3.0,3
5706,796,1,4,52,C,3.0,3
5707,796,2,4,67,B,4.0,3
5708,796,3,4,48,D,2.0,3
5709,797,6,1,91,A,5.0,3
5710,797,6,2,89,A,5.0,3
5711,797,6,3,85,A,5.0,3
5712,797,6,4,61,B,4.0,3
5713,798,1,1,38,F,0.0,3
5714,798,2,1,70,A,5.0,3
5715,798,3,1,84,A,5.0,3
5716,798,1,2,55,C,3.0,3
5717,798,2,2,51,C,3.0,3
5718,798,3,2,78,A,5.0,3
5719,798,1,3,55,C,3.0,3
5720,798,2,3,61,B,4.0,3
5721,798,3,3,60,B,4.0,3
5722,798,1,4,86,A,5.0,3
5723,798,2,4,63,B,4.0,3
5724,798,3,4,62,B,4.0,3
5725,799,6,1,60,B,4.0,3
5726,799,6,2,51,C,3.0,3
5727,799,6,3,93,A,5.0,3
5728,799,6,4,38,F,0.0,3
5729,800,6,1,52,C,3.0,3
5730,800,6,2,66,B,4.0,3
5731,800,6,3,81,A,5.0,3
5732,800,6,4,49,D,2.0,3
5733,801,6,1,56,C,3.0,3
5734,801,6,2,75,A,5.0,3
5735,801,6,3,87,A,5.0,3
5736,801,6,4,37,F,0.0,3
5737,802,1,1,54,C,3.0,3
5738,802,2,1,63,B,4.0,3
5739,802,3,1,61,B,4.0,3
5740,802,1,2,49,D,2.0,3
5741,802,2,2,71,A,5.0,3
5742,802,3,2,91,A,5.0,3
5743,802,1,3,45,D,2.0,3
5744,802,2,3,69,B,4.0,3
5745,802,3,3,48,D,2.0,3
5746,802,1,4,84,A,5.0,3
5747,802,2,4,75,A,5.0,3
5748,802,3,4,42,E,1.0,3
5749,803,6,1,95,A,5.0,3
5750,803,6,2,74,A,5.0,3
5751,803,6,3,74,A,5.0,3
5752,803,6,4,56,C,3.0,3
5753,804,7,1,43,E,1.0,3
5754,804,7,2,73,A,5.0,3
5755,804,7,3,69,B,4.0,3
5756,804,7,4,36,F,0.0,3
5757,805,1,1,95,A,5.0,3
5758,805,2,1,81,A,5.0,3
5759,805,3,1,36,F,0.0,3
5760,805,1,2,86,A,5.0,3
5761,805,2,2,59,C,3.0,3
5762,805,3,2,40,E,1.0,3
5763,805,1,3,84,A,5.0,3
5764,805,2,3,80,A,5.0,3
5765,805,3,3,56,C,3.0,3
5766,805,1,4,93,A,5.0,3
5767,805,2,4,57,C,3.0,3
5768,805,3,4,84,A,5.0,3
5769,806,6,1,84,A,5.0,3
5770,806,6,2,70,A,5.0,3
5771,806,6,3,39,F,0.0,3
5772,806,6,4,76,A,5.0,3
5773,807,6,1,38,F,0.0,3
5774,807,6,2,68,B,4.0,3
5775,807,6,3,48,D,2.0,3
5776,807,6,4,58,C,3.0,3
5777,808,4,1,69,B,4.0,3
5778,808,5,1,47,D,2.0,3
5779,808,4,2,45,D,2.0,3
5780,808,5,2,88,A,5.0,3
5781,808,4,3,69,B,4.0,3
5782,808,5,3,60,B,4.0,3
5783,808,4,4,90,A,5.0,3
5784,808,5,4,80,A,5.0,3
5785,809,1,1,49,D,2.0,3
5786,809,2,1,53,C,3.0,3
5787,809,3,1,86,A,5.0,3
5788,809,1,2,45,D,2.0,3
5789,809,2,2,93,A,5.0,3
5790,809,3,2,58,C,3.0,3
5791,809,1,3,56,C,3.0,3
5792,809,2,3,61,B,4.0,3
5793,809,3,3,48,D,2.0,3
5794,809,1,4,70,A,5.0,3
5795,809,2,4,81,A,5.0,3
5796,809,3,4,50,C,3.0,3
5797,810,7,1,95,A,5.0,3
5798,810,7,2,35,F,0.0,3
5799,810,7,3,37,F,0.0,3
5800,810,7,4,89,A,5.0,3
5801,811,1,1,36,F,0.0,3
5802,811,2,1,83,A,5.0,3
5803,811,3,1,95,A,5.0,3
5804,811,1,2,68,B,4.0,3
5805,811,2,2,41,E,1.0,3
5806,811,3,2,67,B,4.0,3
5807,811,1,3,60,B,4.0,3
5808,811,2,3,85,A,5.0,3
5809,811,3,3,66,B,4.0,3
5810,811,1,4,37,F,0.0,3
5811,811,2,4,45,D,2.0,3
5812,811,3,4,53,C,3.0,3
5813,812,1,1,54,C,3.0,3
5814,812,2,1,36,F,0.0,3
5815,812,3,1,49,D,2.0,3
5816,812,1,2,75,A,5.0,3
5817,812,2,2,84,A,5.0,3
5818,812,3,2,79,A,5.0,3
5819,812,1,3,50,C,3.0,3
5820,812,2,3,37,F,0.0,3
5821,812,3,3,52,C,3.0,3
5822,812,1,4,82,A,5.0,3
5823,812,2,4,42,E,1.0,3
5824,812,3,4,87,A,5.0,3
5825,813,1,1,85,A,5.0,3
5826,813,2,1,59,C,3.0,3
5827,813,3,1,76,A,5.0,3
5828,813,1,2,60,B,4.0,3
5829,813,2,2,43,E,1.0,3
5830,813,3,2,87,A,5.0,3
5831,813,1,3,82,A,5.0,3
5832,813,2,3,91,A,5.0,3
5833,813,3,3,52,C,3.0,3
5834,813,1,4,90,A,5.0,3
5835,813,2,4,40,E,1.0,3
5836,813,3,4,39,F,0.0,3
5837,814,4,1,39,F,0.0,3
5838,814,5,1,67,B,4.0,3
5839,814,4,2,81,A,5.0,3
5840,814,5,2,80,A,5.0,3
5841,814,4,3,83,A,5.0,3
5842,814,5,3,81,A,5.0,3
5843,814,4,4,61,B,4.0,3
5844,814,5,4,36,F,0.0,3
5845,815,4,1,35,F,0.0,3
5846,815,5,1,82,A,5.0,3
5847,815,4,2,88,A,5.0,3
5848,815,5,2,69,B,4.0,3
5849,815,4,3,73,A,5.0,3
5850,815,5,3,93,A,5.0,3
5851,815,4,4,44,E,1.0,3
5852,815,5,4,41,E,1.0,3
5853,816,7,1,82,A,5.0,3
5854,816,7,2,72,A,5.0,3
5855,816,7,3,85,A,5.0,3
5856,816,7,4,60,B,4.0,3
5857,817,6,1,47,D,2.0,3
5858,817,6,2,88,A,5.0,3
5859,817,6,3,73,A,5.0,3
5860,817,6,4,89,A,5.0,3
5861,818,6,1,54,C,3.0,3
5862,818,6,2,85,A,5.0,3
5863,818,6,3,55,C,3.0,3
5864,818,6,4,62,B,4.0,3
5865,819,7,1,67,B,4.0,3
5866,819,7,2,82,A,5.0,3
5867,819,7,3,36,F,0.0,3
5868,819,7,4,54,C,3.0,3
5869,820,7,1,52,C,3.0,3
5870,820,7,2,64,B,4.0,3
5871,820,7,3,47,D,2.0,3
5872,820,7,4,41,E,1.0,3
5873,821,4,1,51,C,3.0,3
5874,821,5,1,76,A,5.0,3
5875,821,4,2,71,A,5.0,3
5876,821,5,2,65,B,4.0,3
5877,821,4,3,59,C,3.0,3
5878,821,5,3,53,C,3.0,3
5879,821,4,4,62,B,4.0,3
5880,821,5,4,40,E,1.0,3
5881,822,4,1,49,D,2.0,3
5882,822,5,1,61,B,4.0,3
5883,822,4,2,70,A,5.0,3
5884,822,5,2,52,C,3.0,3
5885,822,4,3,65,B,4.0,3
5886,822,5,3,53,C,3.0,3
5887,822,4,4,93,A,5.0,3
5888,822,5,4,79,A,5.0,3
5889,823,6,1,69,B,4.0,3
5890,823,6,2,67,B,4.0,3
5891,823,6,3,50,C,3.0,3
5892,823,6,4,59,C,3.0,3
5893,824,1,1,36,F,0.0,3
5894,824,2,1,66,B,4.0,3
5895,824,3,1,81,A,5.0,3
5896,824,1,2,60,B,4.0,3
5897,824,2,2,95,A,5.0,3
5898,824,3,2,58,C,3.0,3
5899,824,1,3,83,A,5.0,3
5900,824,2,3,69,B,4.0,3
5901,824,3,3,80,A,5.0,3
5902,824,1,4,41,E,1.0,3
5903,824,2,4,63,B,4.0,3
5904,824,3,4,49,D,2.0,3
5905,825,1,1,71,A,5.0,3
5906,825,2,1,36,F,0.0,3
5907,825,3,1,60,B,4.0,3
5908,825,1,2,84,A,5.0,3
5909,825,2,2,49,D,2.0,3
5910,825,3,2,63,B,4.0,3
5911,825,1,3,58,C,3.0,3
5912,825,2,3,65,B,4.0,3
5913,825,3,3,71,A,5.0,3
5914,825,1,4,41,E,1.0,3
5915,825,2,4,76,A,5.0,3
5916,825,3,4,54,C,3.0,3
5917,826,6,1,56,C,3.0,3
5918,826,6,2,44,E,1.0,3
5919,826,6,3,86,A,5.0,3
5920,826,6,4,75,A,5.0,3
5921,827,4,1,40,E,1.0,3
5922,827,5,1,41,E,1.0,3
5923,827,4,2,70,A,5.0,3
5924,827,5,2,45,D,2.0,3
5925,827,4,3,48,D,2.0,3
5926,827,5,3,90,A,5.0,3
5927,827,4,4,95,A,5.0,3
5928,827,5,4,66,B,4.0,3
5929,828,1,1,72,A,5.0,3
5930,828,2,1,50,C,3.0,3
5931,828,3,1,40,E,1.0,3
5932,828,1,2,44,E,1.0,3
5933,828,2,2,60,B,4.0,3
5934,828,3,2,74,A,5.0,3
5935,828,1,3,88,A,5.0,3
5936,828,2,3,65,B,4.0,3
5937,828,3,3,68,B,4.0,3
5938,828,1,4,81,A,5.0,3
5939,828,2,4,88,A,5.0,3
5940,828,3,4,71,A,5.0,3
5941,829,7,1,83,A,5.0,3
5942,829,7,2,49,D,2.0,3
5943,829,7,3,38,F,0.0,3
5944,829,7,4,84,A,5.0,3
5945,830,7,1,66,B,4.0,3
5946,830,7,2,51,C,3.0,3
5947,830,7,3,61,B,4.0,3
5948,830,7,4,54,C,3.0,3
5949,831,7,1,82,A,5.0,3
5950,831,7,2,56,C,3.0,3
5951,831,7,3,88,A,5.0,3
5952,831,7,4,44,E,1.0,3
5953,832,7,1,37,F,0.0,3
5954,832,7,2,55,C,3.0,3
5955,832,7,3,79,A,5.0,3
5956,832,7,4,71,A,5.0,3
5957,833,6,1,73,A,5.0,3
5958,833,6,2,61,B,4.0,3
5959,833,6,3,90,A,5.0,3
5960,833,6,4,35,F,0.0,3
5961,834,6,1,52,C,3.0,3
5962,834,6,2,79,A,5.0,3
5963,834,6,3,48,D,2.0,3
5964,834,6,4,83,A,5.0,3
5965,835,1,1,70,A,5.0,3
5966,835,2,1,85,A,5.0,3
5967,835,3,1,66,B,4.0,3
5968,835,1,2,69,B,4.0,3
5969,835,2,2,66,B,4.0,3
5970,835,3,2,55,C,3.0,3
5971,835,1,3,76,A,5.0,3
5972,835,2,3,50,C,3.0,3
5973,835,3,3,55,C,3.0,3
5974,835,1,4,64,B,4.0,3
5975,835,2,4,80,A,5.0,3
5976,835,3,4,65,B,4.0,3
5977,836,7,1,67,B,4.0,3
5978,836,7,2,70,A,5.0,3
5979,836,7,3,89,A,5.0,3
5980,836,7,4,82,A,5.0,3
5981,837,6,1,81,A,5.0,3
5982,837,6,2,40,E,1.0,3
5983,837,6,3,93,A,5.0,3
5984,837,6,4,41,E,1.0,3
5985,838,4,1,62,B,4.0,3
5986,838,5,1,79,A,5.0,3
5987,838,4,2,39,F,0.0,3
5988,838,5,2,59,C,3.0,3
5989,838,4,3,43,E,1.0,3
5990,838,5,3,83,A,5.0,3
5991,838,4,4,35,F,0.0,3
5992,838,5,4,45,D,2.0,3
5993,839,4,1,68,B,4.0,3
5994,839,5,1,82,A,5.0,3
5995,839,4,2,42,E,1.0,3
5996,839,5,2,45,D,2.0,3
5997,839,4,3,47,D,2.0,3
5998,839,5,3,63,B,4.0,3
5999,839,4,4,90,A,5.0,3
6000,839,5,4,42,E,1.0,3
6001,840,4,1,37,F,0.0,3
6002,840,5,1,91,A,5.0,3
6003,840,4,2,62,B,4.0,3
6004,840,5,2,66,B,4.0,3
6005,840,4,3,45,D,2.0,3
6006,840,5,3,75,A,5.0,3
6007,840,4,4,86,A,5.0,3
6008,840,5,4,68,B,4.0,3
6009,841,4,1,66,B,4.0,3
6010,841,5,1,43,E,1.0,3
6011,841,4,2,82,A,5.0,3
6012,841,5,2,90,A,5.0,3
6013,841,4,3,70,A,5.0,3
6014,841,5,3,61,B,4.0,3
6015,841,4,4,60,B,4.0,3
6016,841,5,4,35,F,0.0,3
6017,842,7,1,53,C,3.0,3
6018,842,7,2,42,E,1.0,3
6019,842,7,3,62,B,4.0,3
6020,842,7,4,53,C,3.0,3
6021,843,4,1,81,A,5.0,3
6022,843,5,1,94,A,5.0,3
6023,843,4,2,91,A,5.0,3
6024,843,5,2,78,A,5.0,3
6025,843,4,3,52,C,3.0,3
6026,843,5,3,68,B,4.0,3
6027,843,4,4,55,C,3.0,3
6028,843,5,4,74,A,5.0,3
6029,844,4,1,91,A,5.0,3
6030,844,5,1,58,C,3.0,3
6031,844,4,2,71,A,5.0,3
6032,844,5,2,76,A,5.0,3
6033,844,4,3,45,D,2.0,3
6034,844,5,3,44,E,1.0,3
6035,844,4,4,53,C,3.0,3
6036,844,5,4,68,B,4.0,3
6037,845,7,1,78,A,5.0,3
6038,845,7,2,48,D,2.0,3
6039,845,7,3,86,A,5.0,3
6040,845,7,4,74,A,5.0,3
6041,846,6,1,95,A,5.0,3
6042,846,6,2,80,A,5.0,3
6043,846,6,3,58,C,3.0,3
6044,846,6,4,68,B,4.0,3
6045,847,1,1,73,A,5.0,3
6046,847,2,1,51,C,3.0,3
6047,847,3,1,65,B,4.0,3
6048,847,1,2,64,B,4.0,3
6049,847,2,2,48,D,2.0,3
6050,847,3,2,94,A,5.0,3
6051,847,1,3,56,C,3.0,3
6052,847,2,3,94,A,5.0,3
6053,847,3,3,82,A,5.0,3
6054,847,1,4,81,A,5.0,3
6055,847,2,4,89,A,5.0,3
6056,847,3,4,94,A,5.0,3
6057,848,4,1,43,E,1.0,3
6058,848,5,1,45,D,2.0,3
6059,848,4,2,68,B,4.0,3
6060,848,5,2,80,A,5.0,3
6061,848,4,3,88,A,5.0,3
6062,848,5,3,65,B,4.0,3
6063,848,4,4,35,F,0.0,3
6064,848,5,4,55,C,3.0,3
6065,849,1,1,61,B,4.0,3
6066,849,2,1,46,D,2.0,3
6067,849,3,1,44,E,1.0,3
6068,849,1,2,65,B,4.0,3
6069,849,2,2,39,F,0.0,3
6070,849,3,2,35,F,0.0,3
6071,849,1,3,54,C,3.0,3
6072,849,2,3,79,A,5.0,3
6073,849,3,3,47,D,2.0,3
6074,849,1,4,47,D,2.0,3
6075,849,2,4,79,A,5.0,3
6076,849,3,4,41,E,1.0,3
6077,850,7,1,69,B,4.0,3
6078,850,7,2,64,B,4.0,3
6079,850,7,3,56,C,3.0,3
6080,850,7,4,41,E,1.0,3
6081,851,1,1,38,F,0.0,3
6082,851,2,1,74,A,5.0,3
6083,851,3,1,64,B,4.0,3
6084,851,1,2,73,A,5.0,3
6085,851,2,2,45,D,2.0,3
6086,851,3,2,39,F,0.0,3
6087,851,1,3,57,C,3.0,3
6088,851,2,3,75,A,5.0,3
6089,851,3,3,70,A,5.0,3
6090,851,1,4,91,A,5.0,3
6091,851,2,4,49,D,2.0,3
6092,851,3,4,57,C,3.0,3
6093,852,1,1,75,A,5.0,3
6094,852,2,1,35,F,0.0,3
6095,852,3,1,94,A,5.0,3
6096,852,1,2,47,D,2.0,3
6097,852,2,2,52,C,3.0,3
6098,852,3,2,53,C,3.0,3
6099,852,1,3,87,A,5.0,3
6100,852,2,3,93,A,5.0,3
6101,852,3,3,90,A,5.0,3
6102,852,1,4,62,B,4.0,3
6103,852,2,4,72,A,5.0,3
6104,852,3,4,81,A,5.0,3
6105,853,7,1,54,C,3.0,3
6106,853,7,2,58,C,3.0,3
6107,853,7,3,74,A,5.0,3
6108,853,7,4,84,A,5.0,3
6109,854,6,1,60,B,4.0,3
6110,854,6,2,94,A,5.0,3
6111,854,6,3,51,C,3.0,3
6112,854,6,4,70,A,5.0,3
6113,855,7,1,69,B,4.0,3
6114,855,7,2,76,A,5.0,3
6115,855,7,3,77,A,5.0,3
6116,855,7,4,47,D,2.0,3
6117,856,1,1,39,F,0.0,3
6118,856,2,1,72,A,5.0,3
6119,856,3,1,44,E,1.0,3
6120,856,1,2,41,E,1.0,3
6121,856,2,2,81,A,5.0,3
6122,856,3,2,48,D,2.0,3
6123,856,1,3,52,C,3.0,3
6124,856,2,3,46,D,2.0,3
6125,856,3,3,51,C,3.0,3
6126,856,1,4,71,A,5.0,3
6127,856,2,4,41,E,1.0,3
6128,856,3,4,43,E,1.0,3
6129,857,7,1,86,A,5.0,3
6130,857,7,2,68,B,4.0,3
6131,857,7,3,72,A,5.0,3
6132,857,7,4,76,A,5.0,3
6133,858,1,1,84,A,5.0,3
6134,858,2,1,59,C,3.0,3
6135,858,3,1,56,C,3.0,3
6136,858,1,2,71,A,5.0,3
6137,858,2,2,84,A,5.0,3
6138,858,3,2,89,A,5.0,3
6139,858,1,3,72,A,5.0,3
6140,858,2,3,73,A,5.0,3
6141,858,3,3,52,C,3.0,3
6142,858,1,4,86,A,5.0,3
6143,858,2,4,82,A,5.0,3
6144,858,3,4,90,A,5.0,3
6145,859,4,1,74,A,5.0,3
6146,859,5,1,77,A,5.0,3
6147,859,4,2,93,A,5.0,3
6148,859,5,2,65,B,4.0,3
6149,859,4,3,48,D,2.0,3
6150,859,5,3,45,D,2.0,3
6151,859,4,4,35,F,0.0,3
6152,859,5,4,85,A,5.0,3
6153,860,1,1,49,D,2.0,3
6154,860,2,1,48,D,2.0,3
6155,860,3,1,40,E,1.0,3
6156,860,1,2,94,A,5.0,3
6157,860,2,2,86,A,5.0,3
6158,860,3,2,74,A,5.0,3
6159,860,1,3,44,E,1.0,3
6160,860,2,3,44,E,1.0,3
6161,860,3,3,45,D,2.0,3
6162,860,1,4,65,B,4.0,3
6163,860,2,4,90,A,5.0,3
6164,860,3,4,35,F,0.0,3
6165,861,4,1,55,C,3.0,3
6166,861,5,1,39,F,0.0,3
6167,861,4,2,92,A,5.0,3
6168,861,5,2,38,F,0.0,3
6169,861,4,3,43,E,1.0,3
6170,861,5,3,67,B,4.0,3
6171,861,4,4,86,A,5.0,3
6172,861,5,4,63,B,4.0,3
6173,862,1,1,62,B,4.0,3
6174,862,2,1,77,A,5.0,3
6175,862,3,1,65,B,4.0,3
6176,862,1,2,55,C,3.0,3
6177,862,2,2,54,C,3.0,3
6178,862,3,2,67,B,4.0,3
6179,862,1,3,83,A,5.0,3
6180,862,2,3,42,E,1.0,3
6181,862,3,3,50,C,3.0,3
6182,862,1,4,70,A,5.0,3
6183,862,2,4,60,B,4.0,3
6184,862,3,4,59,C,3.0,3
6185,863,4,1,84,A,5.0,3
6186,863,5,1,59,C,3.0,3
6187,863,4,2,80,A,5.0,3
6188,863,5,2,65,B,4.0,3
6189,863,4,3,57,C,3.0,3
6190,863,5,3,54,C,3.0,3
6191,863,4,4,88,A,5.0,3
6192,863,5,4,68,B,4.0,3
6193,864,7,1,55,C,3.0,3
6194,864,7,2,68,B,4.0,3
6195,864,7,3,40,E,1.0,3
6196,864,7,4,91,A,5.0,3
6197,865,6,1,73,A,5.0,3
6198,865,6,2,88,A,5.0,3
6199,865,6,3,48,D,2.0,3
6200,865,6,4,45,D,2.0,3
6201,866,7,1,95,A,5.0,3
6202,866,7,2,75,A,5.0,3
6203,866,7,3,88,A,5.0,3
6204,866,7,4,52,C,3.0,3
6205,867,7,1,80,A,5.0,3
6206,867,7,2,44,E,1.0,3
6207,867,7,3,88,A,5.0,3
6208,867,7,4,62,B,4.0,3
6209,868,4,1,70,A,5.0,3
6210,868,5,1,63,B,4.0,3
6211,868,4,2,66,B,4.0,3
6212,868,5,2,79,A,5.0,3
6213,868,4,3,85,A,5.0,3
6214,868,5,3,51,C,3.0,3
6215,868,4,4,78,A,5.0,3
6216,868,5,4,42,E,1.0,3
6217,869,7,1,70,A,5.0,3
6218,869,7,2,92,A,5.0,3
6219,869,7,3,62,B,4.0,3
6220,869,7,4,76,A,5.0,3
6221,870,4,1,57,C,3.0,3
6222,870,5,1,46,D,2.0,3
6223,870,4,2,36,F,0.0,3
6224,870,5,2,90,A,5.0,3
6225,870,4,3,58,C,3.0,3
6226,870,5,3,89,A,5.0,3
6227,870,4,4,64,B,4.0,3
6228,870,5,4,84,A,5.0,3
6229,871,4,1,77,A,5.0,3
6230,871,5,1,57,C,3.0,3
6231,871,4,2,81,A,5.0,3
6232,871,5,2,62,B,4.0,3
6233,871,4,3,48,D,2.0,3
6234,871,5,3,74,A,5.0,3
6235,871,4,4,70,A,5.0,3
6236,871,5,4,91,A,5.0,3
6237,872,6,1,93,A,5.0,3
6238,872,6,2,95,A,5.0,3
6239,872,6,3,47,D,2.0,3
6240,872,6,4,59,C,3.0,3
6241,873,4,1,58,C,3.0,3
6242,873,5,1,46,D,2.0,3
6243,873,4,2,94,A,5.0,3
6244,873,5,2,82,A,5.0,3
6245,873,4,3,35,F,0.0,3
6246,873,5,3,47,D,2.0,3
6247,873,4,4,63,B,4.0,3
6248,873,5,4,58,C,3.0,3
6249,874,6,1,68,B,4.0,3
6250,874,6,2,47,D,2.0,3
6251,874,6,3,35,F,0.0,3
6252,874,6,4,72,A,5.0,3
6253,875,6,1,54,C,3.0,3
6254,875,6,2,56,C,3.0,3
6255,875,6,3,41,E,1.0,3
6256,875,6,4,93,A,5.0,3
6257,876,1,1,58,C,3.0,3
6258,876,2,1,93,A,5.0,3
6259,876,3,1,51,C,3.0,3
6260,876,1,2,67,B,4.0,3
6261,876,2,2,93,A,5.0,3
6262,876,3,2,35,F,0.0,3
6263,876,1,3,73,A,5.0,3
6264,876,2,3,52,C,3.0,3
6265,876,3,3,37,F,0.0,3
6266,876,1,4,76,A,5.0,3
6267,876,2,4,52,C,3.0,3
6268,876,3,4,76,A,5.0,3
6269,877,4,1,65,B,4.0,3
6270,877,5,1,60,B,4.0,3
6271,877,4,2,37,F,0.0,3
6272,877,5,2,79,A,5.0,3
6273,877,4,3,80,A,5.0,3
6274,877,5,3,51,C,3.0,3
6275,877,4,4,52,C,3.0,3
6276,877,5,4,75,A,5.0,3
6277,878,4,1,38,F,0.0,3
6278,878,5,1,71,A,5.0,3
6279,878,4,2,87,A,5.0,3
6280,878,5,2,36,F,0.0,3
6281,878,4,3,90,A,5.0,3
6282,878,5,3,80,A,5.0,3
6283,878,4,4,94,A,5.0,3
6284,878,5,4,65,B,4.0,3
6285,879,7,1,73,A,5.0,3
6286,879,7,2,75,A,5.0,3
6287,879,7,3,64,B,4.0,3
6288,879,7,4,66,B,4.0,3
6289,880,4,1,46,D,2.0,3
6290,880,5,1,65,B,4.0,3
6291,880,4,2,82,A,5.0,3
6292,880,5,2,90,A,5.0,3
6293,880,4,3,76,A,5.0,3
6294,880,5,3,83,A,5.0,3
6295,880,4,4,69,B,4.0,3
6296,880,5,4,86,A,5.0,3
6297,881,7,1,41,E,1.0,3
6298,881,7,2,37,F,0.0,3
6299,881,7,3,58,C,3.0,3
6300,881,7,4,36,F,0.0,3
6301,882,7,1,74,A,5.0,3
6302,882,7,2,92,A,5.0,3
6303,882,7,3,80,A,5.0,3
6304,882,7,4,44,E,1.0,3
6305,883,4,1,80,A,5.0,3
6306,883,5,1,82,A,5.0,3
6307,883,4,2,46,D,2.0,3
6308,883,5,2,90,A,5.0,3
6309,883,4,3,89,A,5.0,3
6310,883,5,3,43,E,1.0,3
6311,883,4,4,40,E,1.0,3
6312,883,5,4,61,B,4.0,3
6313,884,1,1,88,A,5.0,3
6314,884,2,1,89,A,5.0,3
6315,884,3,1,42,E,1.0,3
6316,884,1,2,38,F,0.0,3
6317,884,2,2,63,B,4.0,3
6318,884,3,2,75,A,5.0,3
6319,884,1,3,80,A,5.0,3
6320,884,2,3,38,F,0.0,3
6321,884,3,3,55,C,3.0,3
6322,884,1,4,41,E,1.0,3
6323,884,2,4,89,A,5.0,3
6324,884,3,4,69,B,4.0,3
6325,885,6,1,52,C,3.0,3
6326,885,6,2,89,A,5.0,3
6327,885,6,3,47,D,2.0,3
6328,885,6,4,76,A,5.0,3
6329,886,7,1,74,A,5.0,3
6330,886,7,2,82,A,5.0,3
6331,886,7,3,36,F,0.0,3
6332,886,7,4,56,C,3.0,3
6333,887,4,1,88,A,5.0,3
6334,887,5,1,78,A,5.0,3
6335,887,4,2,89,A,5.0,3
6336,887,5,2,92,A,5.0,3
6337,887,4,3,55,C,3.0,3
6338,887,5,3,92,A,5.0,3
6339,887,4,4,80,A,5.0,3
6340,887,5,4,45,D,2.0,3
6341,888,1,1,92,A,5.0,3
6342,888,2,1,72,A,5.0,3
6343,888,3,1,81,A,5.0,3
6344,888,1,2,95,A,5.0,3
6345,888,2,2,58,C,3.0,3
6346,888,3,2,68,B,4.0,3
6347,888,1,3,35,F,0.0,3
6348,888,2,3,95,A,5.0,3
6349,888,3,3,77,A,5.0,3
6350,888,1,4,60,B,4.0,3
6351,888,2,4,61,B,4.0,3
6352,888,3,4,88,A,5.0,3
6353,889,4,1,77,A,5.0,3
6354,889,5,1,77,A,5.0,3
6355,889,4,2,38,F,0.0,3
6356,889,5,2,39,F,0.0,3
6357,889,4,3,47,D,2.0,3
6358,889,5,3,87,A,5.0,3
6359,889,4,4,83,A,5.0,3
6360,889,5,4,67,B,4.0,3
6361,890,6,1,44,E,1.0,3
6362,890,6,2,81,A,5.0,3
6363,890,6,3,52,C,3.0,3
6364,890,6,4,40,E,1.0,3
6365,891,7,1,46,D,2.0,3
6366,891,7,2,63,B,4.0,3
6367,891,7,3,37,F,0.0,3
6368,891,7,4,52,C,3.0,3
6369,892,7,1,73,A,5.0,3
6370,892,7,2,47,D,2.0,3
6371,892,7,3,79,A,5.0,3
6372,892,7,4,67,B,4.0,3
6373,893,6,1,61,B,4.0,3
6374,893,6,2,46,D,2.0,3
6375,893,6,3,75,A,5.0,3
6376,893,6,4,82,A,5.0,3
6377,894,7,1,88,A,5.0,3
6378,894,7,2,88,A,5.0,3
6379,894,7,3,95,A,5.0,3
6380,894,7,4,35,F,0.0,3
6381,895,7,1,54,C,3.0,3
6382,895,7,2,52,C,3.0,3
6383,895,7,3,70,A,5.0,3
6384,895,7,4,57,C,3.0,3
6385,896,7,1,42,E,1.0,3
6386,896,7,2,56,C,3.0,3
6387,896,7,3,64,B,4.0,3
6388,896,7,4,71,A,5.0,3
6389,897,1,1,88,A,5.0,3
6390,897,2,1,79,A,5.0,3
6391,897,3,1,40,E,1.0,3
6392,897,1,2,71,A,5.0,3
6393,897,2,2,94,A,5.0,3
6394,897,3,2,64,B,4.0,3
6395,897,1,3,40,E,1.0,3
6396,897,2,3,42,E,1.0,3
6397,897,3,3,93,A,5.0,3
6398,897,1,4,40,E,1.0,3
6399,897,2,4,46,D,2.0,3
6400,897,3,4,81,A,5.0,3
6401,898,6,1,40,E,1.0,3
6402,898,6,2,46,D,2.0,3
6403,898,6,3,55,C,3.0,3
6404,898,6,4,72,A,5.0,3
6405,899,4,1,75,A,5.0,3
6406,899,5,1,36,F,0.0,3
6407,899,4,2,84,A,5.0,3
6408,899,5,2,45,D,2.0,3
6409,899,4,3,85,A,5.0,3
6410,899,5,3,35,F,0.0,3
6411,899,4,4,48,D,2.0,3
6412,899,5,4,75,A,5.0,3
6413,900,1,1,58,C,3.0,3
6414,900,2,1,64,B,4.0,3
6415,900,3,1,40,E,1.0,3
6416,900,1,2,91,A,5.0,3
6417,900,2,2,81,A,5.0,3
6418,900,3,2,95,A,5.0,3
6419,900,1,3,50,C,3.0,3
6420,900,2,3,54,C,3.0,3
6421,900,3,3,88,A,5.0,3
6422,900,1,4,78,A,5.0,3
6423,900,2,4,76,A,5.0,3
6424,900,3,4,95,A,5.0,3
6425,901,7,1,92,A,5.0,3
6426,901,7,2,90,A,5.0,3
6427,901,7,3,47,D,2.0,3
6428,901,7,4,82,A,5.0,3
6429,902,1,1,83,A,5.0,3
6430,902,2,1,82,A,5.0,3
6431,902,3,1,43,E,1.0,3
6432,902,1,2,54,C,3.0,3
6433,902,2,2,38,F,0.0,3
6434,902,3,2,59,C,3.0,3
6435,902,1,3,80,A,5.0,3
6436,902,2,3,53,C,3.0,3
6437,902,3,3,46,D,2.0,3
6438,902,1,4,52,C,3.0,3
6439,902,2,4,43,E,1.0,3
6440,902,3,4,71,A,5.0,3
6441,903,4,1,55,C,3.0,3
6442,903,5,1,61,B,4.0,3
6443,903,4,2,49,D,2.0,3
6444,903,5,2,88,A,5.0,3
6445,903,4,3,47,D,2.0,3
6446,903,5,3,52,C,3.0,3
6447,903,4,4,91,A,5.0,3
6448,903,5,4,47,D,2.0,3
6449,904,7,1,46,D,2.0,3
6450,904,7,2,53,C,3.0,3
6451,904,7,3,51,C,3.0,3
6452,904,7,4,79,A,5.0,3
6453,905,7,1,63,B,4.0,3
6454,905,7,2,51,C,3.0,3
6455,905,7,3,40,E,1.0,3
6456,905,7,4,66,B,4.0,3
6457,906,6,1,57,C,3.0,3
6458,906,6,2,72,A,5.0,3
6459,906,6,3,58,C,3.0,3
6460,906,6,4,57,C,3.0,3
6461,907,7,1,84,A,5.0,3
6462,907,7,2,76,A,5.0,3
6463,907,7,3,68,B,4.0,3
6464,907,7,4,63,B,4.0,3
6465,908,6,1,88,A,5.0,3
6466,908,6,2,75,A,5.0,3
6467,908,6,3,78,A,5.0,3
6468,908,6,4,88,A,5.0,3
6469,909,7,1,45,D,2.0,3
6470,909,7,2,37,F,0.0,3
6471,909,7,3,95,A,5.0,3
6472,909,7,4,88,A,5.0,3
6473,910,6,1,72,A,5.0,3
6474,910,6,2,59,C,3.0,3
6475,910,6,3,44,E,1.0,3
6476,910,6,4,69,B,4.0,3
6477,911,6,1,71,A,5.0,3
6478,911,6,2,48,D,2.0,3
6479,911,6,3,79,A,5.0,3
6480,911,6,4,62,B,4.0,3
6481,912,6,1,57,C,3.0,3
6482,912,6,2,76,A,5.0,3
6483,912,6,3,86,A,5.0,3
6484,912,6,4,78,A,5.0,3
6485,913,1,1,85,A,5.0,3
6486,913,2,1,53,C,3.0,3
6487,913,3,1,48,D,2.0,3
6488,913,1,2,56,C,3.0,3
6489,913,2,2,79,A,5.0,3
6490,913,3,2,67,B,4.0,3
6491,913,1,3,70,A,5.0,3
6492,913,2,3,88,A,5.0,3
6493,913,3,3,82,A,5.0,3
6494,913,1,4,85,A,5.0,3
6495,913,2,4,52,C,3.0,3
6496,913,3,4,40,E,1.0,3
6497,914,6,1,67,B,4.0,3
6498,914,6,2,84,A,5.0,3
6499,914,6,3,48,D,2.0,3
6500,914,6,4,51,C,3.0,3
6501,915,6,1,48,D,2.0,3
6502,915,6,2,64,B,4.0,3
6503,915,6,3,51,C,3.0,3
6504,915,6,4,37,F,0.0,3
6505,916,6,1,94,A,5.0,3
6506,916,6,2,42,E,1.0,3
6507,916,6,3,68,B,4.0,3
6508,916,6,4,77,A,5.0,3
6509,917,7,1,75,A,5.0,3
6510,917,7,2,46,D,2.0,3
6511,917,7,3,65,B,4.0,3
6512,917,7,4,43,E,1.0,3
6513,918,1,1,64,B,4.0,3
6514,918,2,1,72,A,5.0,3
6515,918,3,1,55,C,3.0,3
6516,918,1,2,58,C,3.0,3
6517,918,2,2,71,A,5.0,3
6518,918,3,2,59,C,3.0,3
6519,918,1,3,77,A,5.0,3
6520,918,2,3,72,A,5.0,3
6521,918,3,3,92,A,5.0,3
6522,918,1,4,37,F,0.0,3
6523,918,2,4,55,C,3.0,3
6524,918,3,4,79,A,5.0,3
6525,919,7,1,41,E,1.0,3
6526,919,7,2,75,A,5.0,3
6527,919,7,3,57,C,3.0,3
6528,919,7,4,90,A,5.0,3
6529,920,4,1,92,A,5.0,3
6530,920,5,1,35,F,0.0,3
6531,920,4,2,45,D,2.0,3
6532,920,5,2,61,B,4.0,3
6533,920,4,3,65,B,4.0,3
6534,920,5,3,56,C,3.0,3
6535,920,4,4,56,C,3.0,3
6536,920,5,4,76,A,5.0,3
6537,921,1,1,92,A,5.0,3
6538,921,2,1,41,E,1.0,3
6539,921,3,1,46,D,2.0,3
6540,921,1,2,93,A,5.0,3
6541,921,2,2,57,C,3.0,3
6542,921,3,2,54,C,3.0,3
6543,921,1,3,45,D,2.0,3
6544,921,2,3,64,B,4.0,3
6545,921,3,3,69,B,4.0,3
6546,921,1,4,46,D,2.0,3
6547,921,2,4,83,A,5.0,3
6548,921,3,4,36,F,0.0,3
6549,922,7,1,63,B,4.0,3
6550,922,7,2,86,A,5.0,3
6551,922,7,3,74,A,5.0,3
6552,922,7,4,64,B,4.0,3
6553,923,1,1,72,A,5.0,3
6554,923,2,1,71,A,5.0,3
6555,923,3,1,79,A,5.0,3
6556,923,1,2,62,B,4.0,3
6557,923,2,2,81,A,5.0,3
6558,923,3,2,60,B,4.0,3
6559,923,1,3,65,B,4.0,3
6560,923,2,3,88,A,5.0,3
6561,923,3,3,50,C,3.0,3
6562,923,1,4,51,C,3.0,3
6563,923,2,4,81,A,5.0,3
6564,923,3,4,58,C,3.0,3
6565,924,7,1,73,A,5.0,3
6566,924,7,2,56,C,3.0,3
6567,924,7,3,65,B,4.0,3
6568,924,7,4,78,A,5.0,3
6569,925,1,1,60,B,4.0,3
6570,925,2,1,54,C,3.0,3
6571,925,3,1,37,F,0.0,3
6572,925,1,2,94,A,5.0,3
6573,925,2,2,91,A,5.0,3
6574,925,3,2,49,D,2.0,3
6575,925,1,3,83,A,5.0,3
6576,925,2,3,94,A,5.0,3
6577,925,3,3,92,A,5.0,3
6578,925,1,4,94,A,5.0,3
6579,925,2,4,67,B,4.0,3
6580,925,3,4,41,E,1.0,3
6581,926,6,1,61,B,4.0,3
6582,926,6,2,62,B,4.0,3
6583,926,6,3,84,A,5.0,3
6584,926,6,4,52,C,3.0,3
6585,927,6,1,71,A,5.0,3
6586,927,6,2,60,B,4.0,3
6587,927,6,3,72,A,5.0,3
6588,927,6,4,36,F,0.0,3
6589,928,4,1,45,D,2.0,3
6590,928,5,1,67,B,4.0,3
6591,928,4,2,45,D,2.0,3
6592,928,5,2,94,A,5.0,3
6593,928,4,3,54,C,3.0,3
6594,928,5,3,91,A,5.0,3
6595,928,4,4,73,A,5.0,3
6596,928,5,4,79,A,5.0,3
6597,929,4,1,95,A,5.0,3
6598,929,5,1,68,B,4.0,3
6599,929,4,2,47,D,2.0,3
6600,929,5,2,95,A,5.0,3
6601,929,4,3,71,A,5.0,3
6602,929,5,3,83,A,5.0,3
6603,929,4,4,43,E,1.0,3
6604,929,5,4,43,E,1.0,3
6605,930,1,1,77,A,5.0,3
6606,930,2,1,56,C,3.0,3
6607,930,3,1,85,A,5.0,3
6608,930,1,2,38,F,0.0,3
6609,930,2,2,40,E,1.0,3
6610,930,3,2,54,C,3.0,3
6611,930,1,3,85,A,5.0,3
6612,930,2,3,84,A,5.0,3
6613,930,3,3,44,E,1.0,3
6614,930,1,4,86,A,5.0,3
6615,930,2,4,57,C,3.0,3
6616,930,3,4,64,B,4.0,3
6617,931,7,1,60,B,4.0,3
6618,931,7,2,45,D,2.0,3
6619,931,7,3,64,B,4.0,3
6620,931,7,4,35,F,0.0,3
6621,932,6,1,77,A,5.0,3
6622,932,6,2,44,E,1.0,3
6623,932,6,3,47,D,2.0,3
6624,932,6,4,91,A,5.0,3
6625,933,6,1,46,D,2.0,3
6626,933,6,2,54,C,3.0,3
6627,933,6,3,54,C,3.0,3
6628,933,6,4,40,E,1.0,3
6629,934,7,1,46,D,2.0,3
6630,934,7,2,50,C,3.0,3
6631,934,7,3,89,A,5.0,3
6632,934,7,4,48,D,2.0,3
6633,935,1,1,62,B,4.0,3
6634,935,2,1,40,E,1.0,3
6635,935,3,1,81,A,5.0,3
6636,935,1,2,50,C,3.0,3
6637,935,2,2,44,E,1.0,3
6638,935,3,2,78,A,5.0,3
6639,935,1,3,70,A,5.0,3
6640,935,2,3,89,A,5.0,3
6641,935,3,3,84,A,5.0,3
6642,935,1,4,58,C,3.0,3
6643,935,2,4,35,F,0.0,3
6644,935,3,4,65,B,4.0,3
6645,936,7,1,45,D,2.0,3
6646,936,7,2,57,C,3.0,3
6647,936,7,3,41,E,1.0,3
6648,936,7,4,65,B,4.0,3
6649,937,4,1,70,A,5.0,3
6650,937,5,1,78,A,5.0,3
6651,937,4,2,60,B,4.0,3
6652,937,5,2,79,A,5.0,3
6653,937,4,3,48,D,2.0,3
6654,937,5,3,93,A,5.0,3
6655,937,4,4,65,B,4.0,3
6656,937,5,4,77,A,5.0,3
6657,938,7,1,59,C,3.0,3
6658,938,7,2,88,A,5.0,3
6659,938,7,3,64,B,4.0,3
6660,938,7,4,80,A,5.0,3
6661,939,1,1,50,C,3.0,3
6662,939,2,1,83,A,5.0,3
6663,939,3,1,93,A,5.0,3
6664,939,1,2,41,E,1.0,3
6665,939,2,2,59,C,3.0,3
6666,939,3,2,43,E,1.0,3
6667,939,1,3,55,C,3.0,3
6668,939,2,3,83,A,5.0,3
6669,939,3,3,94,A,5.0,3
6670,939,1,4,43,E,1.0,3
6671,939,2,4,60,B,4.0,3
6672,939,3,4,84,A,5.0,3
6673,940,6,1,55,C,3.0,3
6674,940,6,2,92,A,5.0,3
6675,940,6,3,53,C,3.0,3
6676,940,6,4,87,A,5.0,3
6677,941,7,1,78,A,5.0,3
6678,941,7,2,81,A,5.0,3
6679,941,7,3,90,A,5.0,3
6680,941,7,4,62,B,4.0,3
6681,942,1,1,73,A,5.0,3
6682,942,2,1,60,B,4.0,3
6683,942,3,1,69,B,4.0,3
6684,942,1,2,39,F,0.0,3
6685,942,2,2,57,C,3.0,3
6686,942,3,2,66,B,4.0,3
6687,942,1,3,77,A,5.0,3
6688,942,2,3,82,A,5.0,3
6689,942,3,3,72,A,5.0,3
6690,942,1,4,36,F,0.0,3
6691,942,2,4,49,D,2.0,3
6692,942,3,4,91,A,5.0,3
6693,943,6,1,73,A,5.0,3
6694,943,6,2,46,D,2.0,3
6695,943,6,3,84,A,5.0,3
6696,943,6,4,50,C,3.0,3
6697,944,7,1,58,C,3.0,3
6698,944,7,2,58,C,3.0,3
6699,944,7,3,56,C,3.0,3
6700,944,7,4,67,B,4.0,3
6701,945,1,1,87,A,5.0,3
6702,945,2,1,35,F,0.0,3
6703,945,3,1,74,A,5.0,3
6704,945,1,2,73,A,5.0,3
6705,945,2,2,83,A,5.0,3
6706,945,3,2,60,B,4.0,3
6707,945,1,3,93,A,5.0,3
6708,945,2,3,39,F,0.0,3
6709,945,3,3,76,A,5.0,3
6710,945,1,4,49,D,2.0,3
6711,945,2,4,43,E,1.0,3
6712,945,3,4,66,B,4.0,3
6713,946,1,1,47,D,2.0,3
6714,946,2,1,37,F,0.0,3
6715,946,3,1,48,D,2.0,3
6716,946,1,2,54,C,3.0,3
6717,946,2,2,62,B,4.0,3
6718,946,3,2,40,E,1.0,3
6719,946,1,3,56,C,3.0,3
6720,946,2,3,59,C,3.0,3
6721,946,3,3,76,A,5.0,3
6722,946,1,4,46,D,2.0,3
6723,946,2,4,62,B,4.0,3
6724,946,3,4,44,E,1.0,3
6725,947,7,1,53,C,3.0,3
6726,947,7,2,54,C,3.0,3
6727,947,7,3,59,C,3.0,3
6728,947,7,4,78,A,5.0,3
6729,948,4,1,87,A,5.0,3
6730,948,5,1,65,B,4.0,3
6731,948,4,2,37,F,0.0,3
6732,948,5,2,51,C,3.0,3
6733,948,4,3,61,B,4.0,3
6734,948,5,3,46,D,2.0,3
6735,948,4,4,45,D,2.0,3
6736,948,5,4,60,B,4.0,3
6737,949,1,1,78,A,5.0,3
6738,949,2,1,68,B,4.0,3
6739,949,3,1,88,A,5.0,3
6740,949,1,2,41,E,1.0,3
6741,949,2,2,64,B,4.0,3
6742,949,3,2,86,A,5.0,3
6743,949,1,3,40,E,1.0,3
6744,949,2,3,57,C,3.0,3
6745,949,3,3,78,A,5.0,3
6746,949,1,4,81,A,5.0,3
6747,949,2,4,41,E,1.0,3
6748,949,3,4,76,A,5.0,3
6749,950,7,1,90,A,5.0,3
6750,950,7,2,60,B,4.0,3
6751,950,7,3,86,A,5.0,3
6752,950,7,4,86,A,5.0,3
6753,951,4,1,35,F,0.0,3
6754,951,5,1,45,D,2.0,3
6755,951,4,2,55,C,3.0,3
6756,951,5,2,43,E,1.0,3
6757,951,4,3,71,A,5.0,3
6758,951,5,3,67,B,4.0,3
6759,951,4,4,59,C,3.0,3
6760,951,5,4,78,A,5.0,3
6761,952,6,1,64,B,4.0,3
6762,952,6,2,35,F,0.0,3
6763,952,6,3,66,B,4.0,3
6764,952,6,4,76,A,5.0,3
6765,953,7,1,77,A,5.0,3
6766,953,7,2,60,B,4.0,3
6767,953,7,3,62,B,4.0,3
6768,953,7,4,84,A,5.0,3
6769,954,4,1,38,F,0.0,3
6770,954,5,1,54,C,3.0,3
6771,954,4,2,62,B,4.0,3
6772,954,5,2,51,C,3.0,3
6773,954,4,3,82,A,5.0,3
6774,954,5,3,75,A,5.0,3
6775,954,4,4,42,E,1.0,3
6776,954,5,4,73,A,5.0,3
6777,955,7,1,86,A,5.0,3
6778,955,7,2,86,A,5.0,3
6779,955,7,3,93,A,5.0,3
6780,955,7,4,63,B,4.0,3
6781,956,1,1,67,B,4.0,3
6782,956,2,1,58,C,3.0,3
6783,956,3,1,84,A,5.0,3
6784,956,1,2,65,B,4.0,3
6785,956,2,2,80,A,5.0,3
6786,956,3,2,56,C,3.0,3
6787,956,1,3,89,A,5.0,3
6788,956,2,3,69,B,4.0,3
6789,956,3,3,58,C,3.0,3
6790,956,1,4,42,E,1.0,3
6791,956,2,4,85,A,5.0,3
6792,956,3,4,46,D,2.0,3
6793,957,4,1,62,B,4.0,3
6794,957,5,1,69,B,4.0,3
6795,957,4,2,83,A,5.0,3
6796,957,5,2,59,C,3.0,3
6797,957,4,3,90,A,5.0,3
6798,957,5,3,78,A,5.0,3
6799,957,4,4,40,E,1.0,3
6800,957,5,4,44,E,1.0,3
6801,958,7,1,35,F,0.0,3
6802,958,7,2,56,C,3.0,3
6803,958,7,3,95,A,5.0,3
6804,958,7,4,94,A,5.0,3
6805,959,7,1,80,A,5.0,3
6806,959,7,2,72,A,5.0,3
6807,959,7,3,51,C,3.0,3
6808,959,7,4,47,D,2.0,3
6809,960,1,1,67,B,4.0,3
6810,960,2,1,87,A,5.0,3
6811,960,3,1,74,A,5.0,3
6812,960,1,2,81,A,5.0,3
6813,960,2,2,90,A,5.0,3
6814,960,3,2,64,B,4.0,3
6815,960,1,3,62,B,4.0,3
6816,960,2,3,38,F,0.0,3
6817,960,3,3,64,B,4.0,3
6818,960,1,4,53,C,3.0,3
6819,960,2,4,37,F,0.0,3
6820,960,3,4,42,E,1.0,3
6821,961,6,1,90,A,5.0,3
6822,961,6,2,66,B,4.0,3
6823,961,6,3,64,B,4.0,3
6824,961,6,4,58,C,3.0,3
6825,962,7,1,38,F,0.0,3
6826,962,7,2,91,A,5.0,3
6827,962,7,3,73,A,5.0,3
6828,962,7,4,78,A,5.0,3
6829,963,4,1,58,C,3.0,3
6830,963,5,1,51,C,3.0,3
6831,963,4,2,62,B,4.0,3
6832,963,5,2,56,C,3.0,3
6833,963,4,3,78,A,5.0,3
6834,963,5,3,53,C,3.0,3
6835,963,4,4,84,A,5.0,3
6836,963,5,4,87,A,5.0,3
6837,964,7,1,36,F,0.0,3
6838,964,7,2,69,B,4.0,3
6839,964,7,3,52,C,3.0,3
6840,964,7,4,46,D,2.0,3
6841,965,6,1,53,C,3.0,3
6842,965,6,2,57,C,3.0,3
6843,965,6,3,61,B,4.0,3
6844,965,6,4,36,F,0.0,3
6845,966,7,1,63,B,4.0,3
6846,966,7,2,55,C,3.0,3
6847,966,7,3,54,C,3.0,3
6848,966,7,4,75,A,5.0,3
6849,967,6,1,37,F,0.0,3
6850,967,6,2,73,A,5.0,3
6851,967,6,3,42,E,1.0,3
6852,967,6,4,57,C,3.0,3
6853,968,6,1,81,A,5.0,3
6854,968,6,2,37,F,0.0,3
6855,968,6,3,69,B,4.0,3
6856,968,6,4,82,A,5.0,3
6857,969,6,1,60,B,4.0,3
6858,969,6,2,50,C,3.0,3
6859,969,6,3,46,D,2.0,3
6860,969,6,4,40,E,1.0,3
6861,970,4,1,69,B,4.0,3
6862,970,5,1,41,E,1.0,3
6863,970,4,2,43,E,1.0,3
6864,970,5,2,81,A,5.0,3
6865,970,4,3,44,E,1.0,3
6866,970,5,3,75,A,5.0,3
6867,970,4,4,66,B,4.0,3
6868,970,5,4,62,B,4.0,3
6869,971,4,1,92,A,5.0,3
6870,971,5,1,52,C,3.0,3
6871,971,4,2,57,C,3.0,3
6872,971,5,2,64,B,4.0,3
6873,971,4,3,79,A,5.0,3
6874,971,5,3,74,A,5.0,3
6875,971,4,4,50,C,3.0,3
6876,971,5,4,93,A,5.0,3
6877,972,6,1,87,A,5.0,3
6878,972,6,2,92,A,5.0,3
6879,972,6,3,88,A,5.0,3
6880,972,6,4,94,A,5.0,3
6881,973,6,1,81,A,5.0,3
6882,973,6,2,87,A,5.0,3
6883,973,6,3,68,B,4.0,3
6884,973,6,4,71,A,5.0,3
6885,974,1,1,64,B,4.0,3
6886,974,2,1,37,F,0.0,3
6887,974,3,1,39,F,0.0,3
6888,974,1,2,55,C,3.0,3
6889,974,2,2,58,C,3.0,3
6890,974,3,2,37,F,0.0,3
6891,974,1,3,44,E,1.0,3
6892,974,2,3,73,A,5.0,3
6893,974,3,3,81,A,5.0,3
6894,974,1,4,75,A,5.0,3
6895,974,2,4,86,A,5.0,3
6896,974,3,4,91,A,5.0,3
6897,975,7,1,41,E,1.0,3
6898,975,7,2,59,C,3.0,3
6899,975,7,3,67,B,4.0,3
6900,975,7,4,81,A,5.0,3
6901,976,1,1,40,E,1.0,3
6902,976,2,1,56,C,3.0,3
6903,976,3,1,94,A,5.0,3
6904,976,1,2,75,A,5.0,3
6905,976,2,2,82,A,5.0,3
6906,976,3,2,54,C,3.0,3
6907,976,1,3,62,B,4.0,3
6908,976,2,3,60,B,4.0,3
6909,976,3,3,36,F,0.0,3
6910,976,1,4,46,D,2.0,3
6911,976,2,4,95,A,5.0,3
6912,976,3,4,82,A,5.0,3
6913,977,4,1,51,C,3.0,3
6914,977,5,1,81,A,5.0,3
6915,977,4,2,76,A,5.0,3
6916,977,5,2,82,A,5.0,3
6917,977,4,3,91,A,5.0,3
6918,977,5,3,40,E,1.0,3
6919,977,4,4,88,A,5.0,3
6920,977,5,4,93,A,5.0,3
6921,978,7,1,62,B,4.0,3
6922,978,7,2,42,E,1.0,3
6923,978,7,3,85,A,5.0,3
6924,978,7,4,47,D,2.0,3
6925,979,4,1,71,A,5.0,3
6926,979,5,1,51,C,3.0,3
6927,979,4,2,54,C,3.0,3
6928,979,5,2,74,A,5.0,3
6929,979,4,3,67,B,4.0,3
6930,979,5,3,69,B,4.0,3
6931,979,4,4,89,A,5.0,3
6932,979,5,4,85,A,5.0,3
6933,980,1,1,50,C,3.0,3
6934,980,2,1,79,A,5.0,3
6935,980,3,1,86,A,5.0,3
6936,980,1,2,38,F,0.0,3
6937,980,2,2,58,C,3.0,3
6938,980,3,2,71,A,5.0,3
6939,980,1,3,65,B,4.0,3
6940,980,2,3,48,D,2.0,3
6941,980,3,3,83,A,5.0,3
6942,980,1,4,94,A,5.0,3
6943,980,2,4,62,B,4.0,3
6944,980,3,4,52,C,3.0,3
6945,981,4,1,82,A,5.0,3
6946,981,5,1,79,A,5.0,3
6947,981,4,2,84,A,5.0,3
6948,981,5,2,46,D,2.0,3
6949,981,4,3,52,C,3.0,3
6950,981,5,3,67,B,4.0,3
6951,981,4,4,77,A,5.0,3
6952,981,5,4,37,F,0.0,3
6953,982,6,1,73,A,5.0,3
6954,982,6,2,60,B,4.0,3
6955,982,6,3,93,A,5.0,3
6956,982,6,4,46,D,2.0,3
6957,983,1,1,78,A,5.0,3
6958,983,2,1,53,C,3.0,3
6959,983,3,1,52,C,3.0,3
6960,983,1,2,35,F,0.0,3
6961,983,2,2,61,B,4.0,3
6962,983,3,2,48,D,2.0,3
6963,983,1,3,36,F,0.0,3
6964,983,2,3,85,A,5.0,3
6965,983,3,3,61,B,4.0,3
6966,983,1,4,77,A,5.0,3
6967,983,2,4,43,E,1.0,3
6968,983,3,4,52,C,3.0,3
6969,984,7,1,52,C,3.0,3
6970,984,7,2,64,B,4.0,3
6971,984,7,3,73,A,5.0,3
6972,984,7,4,85,A,5.0,3
6973,985,4,1,75,A,5.0,3
6974,985,5,1,55,C,3.0,3
6975,985,4,2,41,E,1.0,3
6976,985,5,2,49,D,2.0,3
6977,985,4,3,49,D,2.0,3
6978,985,5,3,36,F,0.0,3
6979,985,4,4,80,A,5.0,3
6980,985,5,4,55,C,3.0,3
6981,986,4,1,49,D,2.0,3
6982,986,5,1,39,F,0.0,3
6983,986,4,2,74,A,5.0,3
6984,986,5,2,53,C,3.0,3
6985,986,4,3,81,A,5.0,3
6986,986,5,3,80,A,5.0,3
6987,986,4,4,73,A,5.0,3
6988,986,5,4,87,A,5.0,3
6989,987,1,1,64,B,4.0,3
6990,987,2,1,72,A,5.0,3
6991,987,3,1,61,B,4.0,3
6992,987,1,2,75,A,5.0,3
6993,987,2,2,73,A,5.0,3
6994,987,3,2,56,C,3.0,3
6995,987,1,3,69,B,4.0,3
6996,987,2,3,59,C,3.0,3
6997,987,3,3,65,B,4.0,3
6998,987,1,4,94,A,5.0,3
6999,987,2,4,70,A,5.0,3
7000,987,3,4,35,F,0.0,3
7001,988,1,1,56,C,3.0,3
7002,988,2,1,56,C,3.0,3
7003,988,3,1,55,C,3.0,3
7004,988,1,2,57,C,3.0,3
7005,988,2,2,87,A,5.0,3
7006,988,3,2,63,B,4.0,3
7007,988,1,3,44,E,1.0,3
7008,988,2,3,64,B,4.0,3
7009,988,3,3,89,A,5.0,3
7010,988,1,4,82,A,5.0,3
7011,988,2,4,66,B,4.0,3
7012,988,3,4,48,D,2.0,3
7013,989,6,1,69,B,4.0,3
7014,989,6,2,79,A,5.0,3
7015,989,6,3,45,D,2.0,3
7016,989,6,4,78,A,5.0,3
7017,990,4,1,59,C,3.0,3
7018,990,5,1,51,C,3.0,3
7019,990,4,2,60,B,4.0,3
7020,990,5,2,37,F,0.0,3
7021,990,4,3,77,A,5.0,3
7022,990,5,3,89,A,5.0,3
7023,990,4,4,71,A,5.0,3
7024,990,5,4,40,E,1.0,3
7025,991,7,1,75,A,5.0,3
7026,991,7,2,66,B,4.0,3
7027,991,7,3,70,A,5.0,3
7028,991,7,4,57,C,3.0,3
7029,992,1,1,40,E,1.0,3
7030,992,2,1,48,D,2.0,3
7031,992,3,1,82,A,5.0,3
7032,992,1,2,68,B,4.0,3
7033,992,2,2,58,C,3.0,3
7034,992,3,2,54,C,3.0,3
7035,992,1,3,53,C,3.0,3
7036,992,2,3,83,A,5.0,3
7037,992,3,3,55,C,3.0,3
7038,992,1,4,63,B,4.0,3
7039,992,2,4,78,A,5.0,3
7040,992,3,4,64,B,4.0,3
7041,993,4,1,36,F,0.0,3
7042,993,5,1,44,E,1.0,3
7043,993,4,2,74,A,5.0,3
7044,993,5,2,72,A,5.0,3
7045,993,4,3,45,D,2.0,3
7046,993,5,3,74,A,5.0,3
7047,993,4,4,57,C,3.0,3
7048,993,5,4,71,A,5.0,3
7049,994,4,1,62,B,4.0,3
7050,994,5,1,61,B,4.0,3
7051,994,4,2,83,A,5.0,3
7052,994,5,2,36,F,0.0,3
7053,994,4,3,83,A,5.0,3
7054,994,5,3,53,C,3.0,3
7055,994,4,4,70,A,5.0,3
7056,994,5,4,82,A,5.0,3
7057,995,1,1,66,B,4.0,3
7058,995,2,1,50,C,3.0,3
7059,995,3,1,59,C,3.0,3
7060,995,1,2,93,A,5.0,3
7061,995,2,2,69,B,4.0,3
7062,995,3,2,43,E,1.0,3
7063,995,1,3,59,C,3.0,3
7064,995,2,3,73,A,5.0,3
7065,995,3,3,95,A,5.0,3
7066,995,1,4,89,A,5.0,3
7067,995,2,4,42,E,1.0,3
7068,995,3,4,41,E,1.0,3
7069,996,6,1,60,B,4.0,3
7070,996,6,2,48,D,2.0,3
7071,996,6,3,48,D,2.0,3
7072,996,6,4,42,E,1.0,3
7073,997,7,1,71,A,5.0,3
7074,997,7,2,53,C,3.0,3
7075,997,7,3,46,D,2.0,3
7076,997,7,4,90,A,5.0,3
7077,998,7,1,45,D,2.0,3
7078,998,7,2,84,A,5.0,3
7079,998,7,3,84,A,5.0,3
7080,998,7,4,82,A,5.0,3
7081,999,6,1,60,B,4.0,3
7082,999,6,2,70,A,5.0,3
7083,999,6,3,61,B,4.0,3
7084,999,6,4,57,C,3.0,3
7085,1000,7,1,83,A,5.0,3
7086,1000,7,2,48,D,2.0,3
7087,1000,7,3,61,B,4.0,3
7088,1000,7,4,92,A,5.0,3
